"GSM","matrix_file","title","characteristics","patient","sample_status","anatomical_site","treatment","cell_type_GEO"
"GSM6213956","GSM6213956_Colon_MGI_111_v2_matrix.mtx.gz","111: P11, colon, tumor, Anti-PD-1+celecoxib, scRNA-seq","subject: P11 | cell type: Goblet cells | tissue: colon | genotype: tumor | treatment: Anti-PD-1+celecoxib","P11","tumor","colon","Anti-PD-1+celecoxib","Goblet cells"
"GSM6213957","GSM6213957_Colon_MGI_112_v3_matrix.mtx.gz","112: P11, colon, normal, Anti-PD-1+celecoxib, scRNA-seq","subject: P11 | cell type: Goblet cells | tissue: colon | genotype: normal | treatment: Anti-PD-1+celecoxib","P11","normal","colon","Anti-PD-1+celecoxib","Goblet cells"
"GSM6213958","GSM6213958_Colon_MGI_121_v3_matrix.mtx.gz","121: P12, colon, tumor, anti-PD-1, scRNA-seq","subject: P12 | cell type: Goblet cells | tissue: colon | genotype: tumor | treatment: anti-PD-1","P12","tumor","colon","anti-PD-1","Goblet cells"
"GSM6213959","GSM6213959_Colon_MGI_122_v3_matrix.mtx.gz","122: P12, colon, normal, anti-PD-1, scRNA-seq","subject: P12 | cell type: Goblet cells | tissue: colon | genotype: normal | treatment: anti-PD-1","P12","normal","colon","anti-PD-1","Goblet cells"
"GSM6213960","GSM6213960_Colon_MGI_141_v2_matrix.mtx.gz","141: P14, colon, tumor, Anti-PD-1+celecoxib, scRNA-seq","subject: P14 | cell type: Goblet cells | tissue: colon | genotype: tumor | treatment: Anti-PD-1+celecoxib","P14","tumor","colon","Anti-PD-1+celecoxib","Goblet cells"
"GSM6213961","GSM6213961_Colon_MGI_151_v3_matrix.mtx.gz","151: P15, colon, tumor, anti-PD-1, scRNA-seq","subject: P15 | cell type: Goblet cells | tissue: colon | genotype: tumor | treatment: anti-PD-1","P15","tumor","colon","anti-PD-1","Goblet cells"
"GSM6213962","GSM6213962_Colon_MGI_152_v3_matrix.mtx.gz","152: P15, colon, normal, anti-PD-1, scRNA-seq","subject: P15 | cell type: Goblet cells | tissue: colon | genotype: normal | treatment: anti-PD-1","P15","normal","colon","anti-PD-1","Goblet cells"
"GSM6213963","GSM6213963_Colon_171_v3_matrix.mtx.gz","171: P17, colon, tumor, anti-PD-1, scRNA-seq","subject: P17 | cell type: Goblet cells | tissue: colon | genotype: tumor | treatment: anti-PD-1","P17","tumor","colon","anti-PD-1","Goblet cells"
"GSM6213964","GSM6213964_Colon_172_v3_matrix.mtx.gz","172: P17, colon, normal, anti-PD-1, scRNA-seq","subject: P17 | cell type: Goblet cells | tissue: colon | genotype: normal | treatment: anti-PD-1","P17","normal","colon","anti-PD-1","Goblet cells"
"GSM6213965","GSM6213965_Colon_181_v2_matrix.mtx.gz","181: P18, colon, tumor, anti-PD-1, scRNA-seq","subject: P18 | cell type: Goblet cells | tissue: colon | genotype: tumor | treatment: anti-PD-1","P18","tumor","colon","anti-PD-1","Goblet cells"
"GSM6213966","GSM6213966_Colon_182_v2_matrix.mtx.gz","182: P18, colon, normal, anti-PD-1, scRNA-seq","subject: P18 | cell type: Goblet cells | tissue: colon | genotype: normal | treatment: anti-PD-1","P18","normal","colon","anti-PD-1","Goblet cells"
"GSM6213967","GSM6213967_Colon_MGI_191_v3_matrix.mtx.gz","191: P19, colon, tumor, Anti-PD-1+celecoxib, scRNA-seq","subject: P19 | cell type: Goblet cells | tissue: colon | genotype: tumor | treatment: Anti-PD-1+celecoxib","P19","tumor","colon","Anti-PD-1+celecoxib","Goblet cells"
"GSM6213968","GSM6213968_Colon_MGI_192_v3_matrix.mtx.gz","192: P19, colon, normal, Anti-PD-1+celecoxib, scRNA-seq","subject: P19 | cell type: Goblet cells | tissue: colon | genotype: normal | treatment: Anti-PD-1+celecoxib","P19","normal","colon","Anti-PD-1+celecoxib","Goblet cells"
"GSM6213969","GSM6213969_Colon_MGI_211_v3_matrix.mtx.gz","211: P21, rectum, tumor, Anti-PD-1+celecoxib, scRNA-seq","subject: P21 | cell type: Goblet cells | tissue: rectum | genotype: tumor | treatment: Anti-PD-1+celecoxib","P21","tumor","rectum","Anti-PD-1+celecoxib","Goblet cells"
"GSM6213970","GSM6213970_Colon_MGI_213_v3_matrix.mtx.gz","213: P21, rectum, tumor, untreated, scRNA-seq","subject: P21 | cell type: Goblet cells | tissue: rectum | genotype: tumor | treatment: untreated","P21","tumor","rectum","untreated","Goblet cells"
"GSM6213971","GSM6213971_Colon_MGI_233_v3_matrix.mtx.gz","233: P23, colon, tumor, untreated, scRNA-seq","subject: P23 | cell type: Goblet cells | tissue: colon | genotype: tumor | treatment: untreated","P23","tumor","colon","untreated","Goblet cells"
"GSM6213972","GSM6213972_Colon_MGI_241_v3_matrix.mtx.gz","241: P24, colon, tumor, Anti-PD-1+celecoxib, scRNA-seq","subject: P24 | cell type: Goblet cells | tissue: colon | genotype: tumor | treatment: Anti-PD-1+celecoxib","P24","tumor","colon","Anti-PD-1+celecoxib","Goblet cells"
"GSM6213973","GSM6213973_Colon_MGI_243_v3_matrix.mtx.gz","243: P24, colon, tumor, untreated, scRNA-seq","subject: P24 | cell type: Goblet cells | tissue: colon | genotype: tumor | treatment: untreated","P24","tumor","colon","untreated","Goblet cells"
"GSM6213974","GSM6213974_Colon_MGI_251_v3_matrix.mtx.gz","251: P25, colon, tumor, Anti-PD-1+celecoxib, scRNA-seq","subject: P25 | cell type: Goblet cells | tissue: colon | genotype: tumor | treatment: Anti-PD-1+celecoxib","P25","tumor","colon","Anti-PD-1+celecoxib","Goblet cells"
"GSM6213975","GSM6213975_Colon_MGI_252_v3_matrix.mtx.gz","252: P25, colon, normal, Anti-PD-1+celecoxib, scRNA-seq","subject: P25 | cell type: Goblet cells | tissue: colon | genotype: normal | treatment: Anti-PD-1+celecoxib","P25","normal","colon","Anti-PD-1+celecoxib","Goblet cells"
"GSM6213976","GSM6213976_Colon_MGI_253_v3_matrix.mtx.gz","253: P25, colon, tumor, untreated, scRNA-seq","subject: P25 | cell type: Goblet cells | tissue: colon | genotype: tumor | treatment: untreated","P25","tumor","colon","untreated","Goblet cells"
"GSM6213977","GSM6213977_Colon_MGI_261_v3_matrix.mtx.gz","261: P26, colon, tumor, Anti-PD-1+celecoxib, scRNA-seq","subject: P26 | cell type: Goblet cells | tissue: colon | genotype: tumor | treatment: Anti-PD-1+celecoxib","P26","tumor","colon","Anti-PD-1+celecoxib","Goblet cells"
"GSM6213978","GSM6213978_Colon_MGI_271_v3_matrix.mtx.gz","271: P27, colon, tumor, anti-PD-1, scRNA-seq","subject: P27 | cell type: Goblet cells | tissue: colon | genotype: tumor | treatment: anti-PD-1","P27","tumor","colon","anti-PD-1","Goblet cells"
"GSM6213979","GSM6213979_Colon_MGI_272_v3_matrix.mtx.gz","272: P27, colon, normal, anti-PD-1, scRNA-seq","subject: P27 | cell type: Goblet cells | tissue: colon | genotype: normal | treatment: anti-PD-1","P27","normal","colon","anti-PD-1","Goblet cells"
"GSM6213980","GSM6213980_Colon_MGI_273_v3_matrix.mtx.gz","273: P27, colon, tumor, untreated, scRNA-seq","subject: P27 | cell type: Goblet cells | tissue: colon | genotype: tumor | treatment: untreated","P27","tumor","colon","untreated","Goblet cells"
"GSM6213981","GSM6213981_Colon_MGI_281_v3_matrix.mtx.gz","281: P28, colon, tumor, anti-PD-1, scRNA-seq","subject: P28 | cell type: Goblet cells | tissue: colon | genotype: tumor | treatment: anti-PD-1","P28","tumor","colon","anti-PD-1","Goblet cells"
"GSM6213982","GSM6213982_Colon_MGI_282_v3_matrix.mtx.gz","282: P28, colon, normal, anti-PD-1, scRNA-seq","subject: P28 | cell type: Goblet cells | tissue: colon | genotype: normal | treatment: anti-PD-1","P28","normal","colon","anti-PD-1","Goblet cells"
"GSM6213983","GSM6213983_Colon_MGI_283_v3_matrix.mtx.gz","283: P28, colon, tumor, untreated, scRNA-seq","subject: P28 | cell type: Goblet cells | tissue: colon | genotype: tumor | treatment: untreated","P28","tumor","colon","untreated","Goblet cells"
"GSM6213984","GSM6213984_Colon_MGI_291_v3_matrix.mtx.gz","291: P29, colon, tumor, anti-PD-1, scRNA-seq","subject: P29 | cell type: Goblet cells | tissue: colon | genotype: tumor | treatment: anti-PD-1","P29","tumor","colon","anti-PD-1","Goblet cells"
"GSM6213985","GSM6213985_Colon_MGI_292_v3_matrix.mtx.gz","292: P29, colon, normal, anti-PD-1, scRNA-seq","subject: P29 | cell type: Goblet cells | tissue: colon | genotype: normal | treatment: anti-PD-1","P29","normal","colon","anti-PD-1","Goblet cells"
"GSM6213986","GSM6213986_Colon_MGI_301_v3_matrix.mtx.gz","301: P30, colon, tumor, anti-PD-1, scRNA-seq","subject: P30 | cell type: Goblet cells | tissue: colon | genotype: tumor | treatment: anti-PD-1","P30","tumor","colon","anti-PD-1","Goblet cells"
"GSM6213987","GSM6213987_Colon_MGI_302_v3_matrix.mtx.gz","302: P30, colon, normal, anti-PD-1, scRNA-seq","subject: P30 | cell type: Goblet cells | tissue: colon | genotype: normal | treatment: anti-PD-1","P30","normal","colon","anti-PD-1","Goblet cells"
"GSM6213988","GSM6213988_Colon_MGI_303_v3_matrix.mtx.gz","303: P30, colon, tumor, untreated, scRNA-seq","subject: P30 | cell type: Goblet cells | tissue: colon | genotype: tumor | treatment: untreated","P30","tumor","colon","untreated","Goblet cells"
"GSM6213989","GSM6213989_Colon_MGI_311_v3_matrix.mtx.gz","311: P31, colon, tumor, anti-PD-1, scRNA-seq","subject: P31 | cell type: Goblet cells | tissue: colon | genotype: tumor | treatment: anti-PD-1","P31","tumor","colon","anti-PD-1","Goblet cells"
"GSM6213990","GSM6213990_Colon_MGI_312_v3_matrix.mtx.gz","312: P31, colon, normal, anti-PD-1, scRNA-seq","subject: P31 | cell type: Goblet cells | tissue: colon | genotype: normal | treatment: anti-PD-1","P31","normal","colon","anti-PD-1","Goblet cells"
"GSM6213991","GSM6213991_Colon_MGI_313_v3_matrix.mtx.gz","313: P31, colon, tumor, untreated, scRNA-seq","subject: P31 | cell type: Goblet cells | tissue: colon | genotype: tumor | treatment: untreated","P31","tumor","colon","untreated","Goblet cells"
"GSM6213992","GSM6213992_Colon_MGI_321_v3_matrix.mtx.gz","321: P32, colon, tumor, Anti-PD-1+celecoxib, scRNA-seq","subject: P32 | cell type: Goblet cells | tissue: colon | genotype: tumor | treatment: Anti-PD-1+celecoxib","P32","tumor","colon","Anti-PD-1+celecoxib","Goblet cells"
"GSM6213993","GSM6213993_Colon_MGI_322_v3_matrix.mtx.gz","322: P32, colon, normal, Anti-PD-1+celecoxib, scRNA-seq","subject: P32 | cell type: Goblet cells | tissue: colon | genotype: normal | treatment: Anti-PD-1+celecoxib","P32","normal","colon","Anti-PD-1+celecoxib","Goblet cells"
"GSM6213994","GSM6213994_Colon_MGI_323_v3_matrix.mtx.gz","323: P32, colon, tumor, untreated, scRNA-seq","subject: P32 | cell type: Goblet cells | tissue: colon | genotype: tumor | treatment: untreated","P32","tumor","colon","untreated","Goblet cells"
"GSM6213995","GSM6213995_Colon_MGI_333_v3_matrix.mtx.gz","333: P33, rectum, tumor, untreated, scRNA-seq","subject: P33 | cell type: Goblet cells | tissue: rectum | genotype: tumor | treatment: untreated","P33","tumor","rectum","untreated","Goblet cells"
