"GSM","cells_before_doublet","predicted_doublets","cells_after_doublet"
"GSM6213956",913,42,871
"GSM6213957",3156,198,2958
"GSM6213958",4643,332,4311
"GSM6213959",5406,446,4960
"GSM6213960",6283,548,5735
"GSM6213961",11505,1083,10422
"GSM6213962",11214,1305,9909
"GSM6213963",2503,139,2364
"GSM6213964",4078,295,3783
"GSM6213965",6045,560,5485
"GSM6213966",3947,290,3657
"GSM6213967",7307,716,6591
"GSM6213968",3567,256,3311
"GSM6213969",1050,43,1007
"GSM6213970",5642,490,5152
"GSM6213971",7710,852,6858
"GSM6213972",3293,189,3104
"GSM6213973",4777,370,4407
"GSM6213974",5876,519,5357
"GSM6213975",4549,335,4214
"GSM6213976",6825,589,6236
"GSM6213977",3849,259,3590
"GSM6213978",4525,323,4202
"GSM6213979",4769,393,4376
"GSM6213980",4105,278,3827
"GSM6213981",2217,117,2100
"GSM6213982",5190,456,4734
"GSM6213983",4257,302,3955
"GSM6213984",4617,356,4261
"GSM6213985",3232,203,3029
"GSM6213986",2948,160,2788
"GSM6213987",3697,234,3463
"GSM6213988",6131,572,5559
"GSM6213989",8923,711,8212
"GSM6213990",3297,231,3066
"GSM6213991",2693,150,2543
"GSM6213992",5545,473,5072
"GSM6213993",5536,511,5025
"GSM6213994",9207,1086,8121
"GSM6213995",5444,458,4986
