"GSM","patient","sample_status","treatment","cells_before","cells_after","cells_removed","percent_retained"
"GSM6213956","P11","tumor","Anti-PD-1+celecoxib",1666,913,753,54.8019207683073
"GSM6213957","P11","normal","Anti-PD-1+celecoxib",6548,3156,3392,48.1979230299328
"GSM6213958","P12","tumor","anti-PD-1",7509,4643,2866,61.8324677054202
"GSM6213959","P12","normal","anti-PD-1",7755,5406,2349,69.7098646034816
"GSM6213960","P14","tumor","Anti-PD-1+celecoxib",8118,6283,1835,77.3959103227396
"GSM6213961","P15","tumor","anti-PD-1",15760,11505,4255,73.001269035533
"GSM6213962","P15","normal","anti-PD-1",16410,11214,5196,68.3363802559415
"GSM6213963","P17","tumor","anti-PD-1",8644,2503,6141,28.9565016196205
"GSM6213964","P17","normal","anti-PD-1",9926,4078,5848,41.0840217610316
"GSM6213965","P18","tumor","anti-PD-1",7681,6045,1636,78.7006900143211
"GSM6213966","P18","normal","anti-PD-1",6780,3947,2833,58.2153392330383
"GSM6213967","P19","tumor","Anti-PD-1+celecoxib",8742,7307,1435,83.584991992679
"GSM6213968","P19","normal","Anti-PD-1+celecoxib",7043,3567,3476,50.6460315206588
"GSM6213969","P21","tumor","Anti-PD-1+celecoxib",1357,1050,307,77.376565954311
"GSM6213970","P21","tumor","untreated",7690,5642,2048,73.3680104031209
"GSM6213971","P23","tumor","untreated",10323,7710,2613,74.6875908166231
"GSM6213972","P24","tumor","Anti-PD-1+celecoxib",4826,3293,1533,68.234562784915
"GSM6213973","P24","tumor","untreated",7307,4777,2530,65.3756671684686
"GSM6213974","P25","tumor","Anti-PD-1+celecoxib",8126,5876,2250,72.3111001722865
"GSM6213975","P25","normal","Anti-PD-1+celecoxib",6789,4549,2240,67.0054499926351
"GSM6213976","P25","tumor","untreated",9798,6825,2973,69.6570728720147
"GSM6213977","P26","tumor","Anti-PD-1+celecoxib",5067,3849,1218,75.9621077560687
"GSM6213978","P27","tumor","anti-PD-1",6744,4525,2219,67.0966785290629
"GSM6213979","P27","normal","anti-PD-1",7546,4769,2777,63.1990458521071
"GSM6213980","P27","tumor","untreated",7069,4105,2964,58.0704484368369
"GSM6213981","P28","tumor","anti-PD-1",4109,2217,1892,53.9547335118034
"GSM6213982","P28","normal","anti-PD-1",10942,5190,5752,47.4319137269238
"GSM6213983","P28","tumor","untreated",6227,4257,1970,68.3635779669183
"GSM6213984","P29","tumor","anti-PD-1",7355,4617,2738,62.7736233854521
"GSM6213985","P29","normal","anti-PD-1",7260,3232,4028,44.5179063360882
"GSM6213986","P30","tumor","anti-PD-1",5926,2948,2978,49.746878164023
"GSM6213987","P30","normal","anti-PD-1",8097,3697,4400,45.6588860071631
"GSM6213988","P30","tumor","untreated",10080,6131,3949,60.8234126984127
"GSM6213989","P31","tumor","anti-PD-1",11830,8923,2907,75.4268808114962
"GSM6213990","P31","normal","anti-PD-1",11441,3297,8144,28.8174110654663
"GSM6213991","P31","tumor","untreated",4045,2693,1352,66.5760197775031
"GSM6213992","P32","tumor","Anti-PD-1+celecoxib",9662,5545,4117,57.3897743738356
"GSM6213993","P32","normal","Anti-PD-1+celecoxib",11307,5536,5771,48.9608207305209
"GSM6213994","P32","tumor","untreated",13730,9207,4523,67.0575382374363
"GSM6213995","P33","tumor","untreated",6785,5444,1341,80.2358142962417
