"p_val","avg_log2FC","pct.1","pct.2","p_val_adj","cluster","gene"
0,2.42234100645988,0.258,0.046,0,"0","SATB2-AS1"
0,2.22562533370204,0.44,0.096,0,"0","NXPE1"
0,2.18908533963029,0.405,0.086,0,"0","UGT2A3"
0,2.17336450674862,0.705,0.159,0,"0","ADH1C"
0,2.16152834617095,0.521,0.117,0,"0","NXPE4"
0,1.98560732850919,0.278,0.053,0,"0","PTGDR"
0,1.98015317164158,0.267,0.065,0,"0","NAALADL2"
0,1.96432375299267,0.273,0.072,0,"0","SLC9A2"
0,1.93075117864363,0.421,0.109,0,"0","CFTR"
0,1.90220474442483,0.484,0.13,0,"0","ATP2C2"
0,3.53970648059528,0.257,0.029,0,"1","GZMK"
0,3.4509377316218,0.432,0.05,0,"1","KLRB1"
0,3.26662031755964,0.476,0.054,0,"1","CST7"
0,3.24365592070862,0.288,0.035,0,"1","TIGIT"
0,3.20540499459681,0.722,0.089,0,"1","CD2"
0,3.18991802163869,0.481,0.065,0,"1","TRBC1"
0,3.18268927827253,0.633,0.076,0,"1","CD3E"
0,3.13666319080443,0.269,0.032,0,"1","GZMM"
0,3.13207735453235,0.356,0.051,0,"1","SPOCK2"
0,3.10550337555897,0.809,0.101,0,"1","CD3D"
0,3.45775073763334,0.526,0.067,0,"2","IL7R"
0,3.00313659483419,0.258,0.073,0,"2","TCF7"
0,2.87962626329503,0.27,0.076,0,"2","BCL11B"
0,2.66336847899299,0.284,0.07,0,"2","LAT"
0,2.63485473948608,0.317,0.095,0,"2","PIK3IP1"
0,2.57014896666061,0.325,0.102,0,"2","RORA"
0,2.47385331671017,0.272,0.061,0,"2","SPOCK2"
0,2.47260577473717,0.446,0.116,0,"2","TRAF3IP3"
0,2.46775916443534,0.33,0.062,0,"2","KLRB1"
0,2.46564151607253,0.414,0.076,0,"2","TRBC1"
0,2.60256977439863,0.285,0.085,0,"3","B3GNT7"
0,2.59056913846743,0.652,0.173,0,"3","ADH1C"
0,2.52112549336229,0.454,0.13,0,"3","LEFTY1"
0,2.4141572239787,0.418,0.131,0,"3","NXPE4"
3.2015553892974e-297,2.32949130384641,0.278,0.096,1.07373764646256e-292,"3","URAD"
0,2.3199421006073,0.288,0.081,0,"3","LGALS2"
0,2.2538871280731,0.506,0.219,0,"3","PLA2G2A"
2.16185649154933e-299,2.23107814837509,0.303,0.111,7.25043430135814e-295,"3","NXPE1"
3.38864774975352e-304,2.2137289645052,0.311,0.116,1.13648468231233e-299,"3","SLC39A5"
0,2.21218977587618,0.57,0.204,0,"3","SPINK1"
0,4.11301205813035,0.597,0.054,0,"4","BANK1"
0,4.05983028796604,0.253,0.027,0,"4","FCRL2"
0,3.80980724887978,0.313,0.053,0,"4","ARHGAP24"
0,3.73337482935629,0.324,0.052,0,"4","LINC00926"
0,3.73203989126778,0.841,0.063,0,"4","MS4A1"
0,3.70969925703656,0.374,0.054,0,"4","ADAM28"
0,3.576102846424,0.4,0.056,0,"4","MARCH1"
0,3.56274977366303,0.527,0.05,0,"4","VPREB3"
0,3.52354564512134,0.382,0.045,0,"4","TNFRSF13C"
0,3.48240677603086,0.315,0.035,0,"4","CD22"
0,4.59584504913197,0.455,0.042,0,"5","SERPINB5"
0,4.32205757221392,0.385,0.068,0,"5","TFF1"
0,3.92112284150974,0.542,0.07,0,"5","S100P"
0,3.54090883581687,0.373,0.105,0,"5","RARRES1"
0,3.47762324941879,0.528,0.082,0,"5","REG4"
0,3.35343744705028,0.36,0.055,0,"5","F3"
0,3.20538919903474,0.658,0.165,0,"5","GPRC5A"
0,3.18124595618464,0.316,0.062,0,"5","SLC2A1"
0,3.10595357769091,0.666,0.12,0,"5","CEACAM6"
0,3.0378808117937,0.255,0.044,0,"5","MUC17"
0,5.41644652961767,0.915,0.044,0,"6","ACKR1"
0,5.28133058151457,0.642,0.016,0,"6","CCL14"
0,5.15917780225654,0.28,0.005,0,"6","RAB3C"
0,5.15755775981832,0.666,0.026,0,"6","NRN1"
0,5.04061749621294,0.509,0.015,0,"6","FAM110D"
0,5.03652475214731,0.775,0.05,0,"6","AQP1"
0,5.00104887165142,0.466,0.012,0,"6","FAM107A"
0,4.93529358315582,0.554,0.012,0,"6","SELP"
0,4.91899666694353,0.335,0.008,0,"6","LHX6"
0,4.91633022835099,0.438,0.009,0,"6","CADM3-AS1"
0,4.54577200749112,0.282,0.054,0,"7","SPINK4"
0,3.79029130250992,0.374,0.088,0,"7","MUC2"
1.80562333785586e-213,3.04469612381894,0.316,0.131,6.05569955050097e-209,"7","FCGBP"
0,2.9572300964461,0.612,0.264,0,"7","TFF3"
0,2.84179233950823,0.352,0.091,0,"7","REG4"
0,2.82114521749287,0.376,0.105,0,"7","RGMB"
0,2.56961864570178,0.269,0.073,0,"7","L1TD1"
1.38723423263374e-254,2.51237087133493,0.358,0.149,4.65250616940705e-250,"7","ST6GALNAC1"
0,2.46729014743491,0.339,0.1,0,"7","KIAA1324"
4.15876922305337e-217,2.17721466453982,0.265,0.094,1.39476802202764e-212,"7","MLPH"
0,4.92020431664374,0.344,0.013,0,"8","IFNG"
0,4.85890843142432,0.446,0.019,0,"8","GZMH"
0,4.72166363015245,0.501,0.025,0,"8","GZMB"
0,4.71124480247034,0.339,0.028,0,"8","GNLY"
0,4.70457125329683,0.504,0.024,0,"8","PRF1"
0,4.68128669557715,0.308,0.015,0,"8","XCL2"
0,4.54748060334065,0.83,0.062,0,"8","GZMA"
0,4.53349570168821,0.543,0.031,0,"8","CTSW"
0,4.4569441694289,0.857,0.064,0,"8","NKG7"
0,4.39252522507682,0.317,0.017,0,"8","KLRC2"
0,4.42214145312047,0.516,0.023,0,"9","PBK"
0,4.4004468848125,0.376,0.017,0,"9","IQGAP3"
0,4.37509433631277,0.477,0.021,0,"9","ANLN"
0,4.33014034725356,0.343,0.015,0,"9","HJURP"
0,4.28531283141017,0.327,0.016,0,"9","DEPDC1"
0,4.17861109751699,0.366,0.018,0,"9","NEK2"
0,4.1296084771911,0.437,0.021,0,"9","NCAPG"
0,4.07461225797806,0.56,0.032,0,"9","CDC20"
0,4.06111712551164,0.411,0.021,0,"9","CEP55"
0,4.02573168774417,0.366,0.016,0,"9","DLGAP5"
0,5.38819531527645,0.488,0.014,0,"10","IGHD"
0,5.32660909679257,0.385,0.011,0,"10","FCER2"
0,4.4207158639717,0.441,0.022,0,"10","FCRLA"
0,4.41891269034064,0.485,0.027,0,"10","TCL1A"
0,4.41699563445875,0.953,0.08,0,"10","CD79A"
0,4.40689338526815,0.378,0.022,0,"10","CHI3L2"
0,4.38535327414546,0.339,0.023,0,"10","CD72"
0,4.37922514048614,0.275,0.015,0,"10","CR2"
0,4.2918786764597,0.757,0.046,0,"10","VPREB3"
0,4.22761288857483,0.769,0.054,0,"10","BANK1"
0,4.13309400451138,0.748,0.102,0,"11","CA1"
0,3.23434850524463,0.817,0.223,0,"11","SLC26A2"
0,3.10667256619824,0.873,0.203,0,"11","CA2"
0,3.08694810044659,0.313,0.037,0,"11","CDKN2B-AS1"
0,3.06143451208757,0.99,0.334,0,"11","FABP1"
0,2.91958539037986,0.839,0.273,0,"11","SELENBP1"
0,2.87940682836613,0.652,0.139,0,"11","HSD11B2"
0,2.85253551173076,0.288,0.042,0,"11","FSIP2"
0,2.75248970339809,0.419,0.081,0,"11","CHP2"
0,2.68997526509168,0.297,0.055,0,"11","AKR1B10"
0,4.40261600534211,0.363,0.033,0,"12","MMRN1"
0,4.27824716901658,0.421,0.07,0,"12","TFPI"
0,4.22388533351096,0.609,0.052,0,"12","CLDN5"
0,3.97593240908411,0.545,0.056,0,"12","CAVIN2"
0,3.85436710773904,0.416,0.046,0,"12","LIFR"
0,3.77800734288866,0.311,0.046,0,"12","SHANK3"
0,3.66742595691391,0.321,0.043,0,"12","TIE1"
0,3.66344517648683,0.327,0.05,0,"12","ADCY4"
0,3.6603695573529,0.267,0.049,0,"12","CPLX1"
0,3.65580319019723,0.252,0.037,0,"12","THSD7A"
0,4.38433484855315,0.536,0.034,0,"13","AQP8"
0,4.21378779821436,0.398,0.019,0,"13","TMIGD1"
0,4.19042758862971,0.753,0.057,0,"13","MS4A12"
0,4.1101654133875,0.284,0.025,0,"13","BEST4"
0,4.10563567496585,0.95,0.082,0,"13","CEACAM7"
0,3.96815684835729,0.286,0.018,0,"13","OTOP2"
0,3.8762401194228,0.775,0.09,0,"13","SLC26A3"
0,3.87504072029048,0.497,0.043,0,"13","SLC17A4"
0,3.81416143533765,0.366,0.042,0,"13","FRMD1"
0,3.79155482280518,0.337,0.024,0,"13","CD177"
0,10.7088404931399,0.275,0.001,0,"14","S100A12"
0,9.44127151509257,0.302,0.001,0,"14","CD300E"
0,8.80229141050106,0.513,0.013,0,"14","S100A8"
0,8.58264561414875,0.398,0.013,0,"14","IL1B"
0,7.88075896671848,0.464,0.006,0,"14","FCN1"
0,7.45482700593569,0.602,0.036,0,"14","S100A9"
0,7.06009334678093,0.272,0.004,0,"14","CSF3R"
0,7.03969627808266,0.379,0.007,0,"14","FPR1"
0,6.9850926834018,0.445,0.01,0,"14","SLC11A1"
0,6.4044063117424,0.337,0.007,0,"14","LILRB2"
0,3.35490358382584,0.367,0.042,0,"15","ONECUT2"
0,3.11127179072622,0.353,0.049,0,"15","REG3A"
0,2.96759359643326,0.444,0.107,0,"15","RGMB"
0,2.71848991250696,0.264,0.043,0,"15","UHRF1"
0,2.65685958533622,0.334,0.07,0,"15","WDR90"
0,2.57388438420352,0.32,0.063,0,"15","BRCA2"
0,2.53202148439276,0.405,0.084,0,"15","MCM4"
0,2.52470460028802,0.301,0.058,0,"15","BRCA1"
6.86488292154537e-271,2.46874383870834,0.266,0.064,2.30234443422789e-266,"15","ASCL2"
0,2.45697734367101,0.288,0.055,0,"15","PSAT1"
0,2.40796740202247,0.923,0.179,0,"16","ADH1C"
0,2.30819771097442,0.747,0.131,0,"16","LEFTY1"
0,2.28126213477329,0.295,0.031,0,"16","AC025580.1"
0,2.20720697374566,0.697,0.093,0,"16","UGT2A3"
0,1.99446358473153,0.676,0.217,0,"16","OLFM4"
0,1.92281569710553,0.783,0.129,0,"16","NXPE4"
0,1.90642427588367,0.471,0.059,0,"16","PTGDR"
0,1.89470226027504,0.341,0.041,0,"16","PROM2"
0,1.84379563791007,0.833,0.199,0,"16","HMGCS2"
0,1.82030334214483,0.708,0.116,0,"16","CFTR"
0,6.77625709221441,0.654,0.029,0,"17","GUCA2B"
0,6.28238893822132,0.859,0.04,0,"17","CLCA4"
0,6.26105613953292,0.901,0.058,0,"17","GUCA2A"
0,5.38892150358608,0.311,0.009,0,"17","C11orf86"
0,5.36659830829742,0.285,0.021,0,"17","OTOP2"
0,5.30547977566755,0.287,0.008,0,"17","SLC30A10"
0,5.30096976551019,0.906,0.066,0,"17","CA4"
0,5.19410685061011,0.843,0.053,0,"17","LYPD8"
0,5.00988649868214,0.516,0.02,0,"17","PTPRR"
0,5.00598944540697,0.564,0.04,0,"17","AQP8"
0,6.86797362627665,0.794,0.169,0,"18","IGHA1"
0,6.79806348676511,0.697,0.164,0,"18","IGHA2"
0,6.70130857675031,0.957,0.145,0,"18","JCHAIN"
7.35563314153196e-312,6.5259989477125,0.306,0.063,2.46693224300699e-307,"18","IGHG3"
0,6.30655450927264,0.477,0.12,0,"18","IGHG4"
0,6.2852508443773,0.294,0.006,0,"18","LINC02362"
0,6.26005018053637,0.915,0.453,0,"18","IGKC"
0,5.97023454984493,0.697,0.245,0,"18","IGLC2"
0,5.91754425684077,0.299,0.049,0,"18","IGHG2"
0,5.85825407314346,0.533,0.11,0,"18","IGHG1"
0,11.7394935518617,0.632,0.001,0,"19","RERGL"
0,10.2547722006112,0.712,0.002,0,"19","PLN"
0,9.60947081029831,0.3,0.001,0,"19","LDB3"
0,9.52524349875341,0.333,0.001,0,"19","TBX2-AS1"
0,9.49852934384296,0.282,0.001,0,"19","GPR20"
0,9.38519604098693,0.88,0.012,0,"19","MYH11"
0,9.01434407695201,0.558,0.002,0,"19","LMOD1"
0,8.81588794448919,0.97,0.041,0,"19","ACTA2"
0,8.7599932423839,0.5,0.002,0,"19","CNN1"
0,8.70584935211409,0.31,0.001,0,"19","NTRK3"
0,3.55797286007778,0.34,0.028,0,"20","HMMR"
0,3.53746773946448,0.307,0.025,0,"20","NEK2"
0,3.46528752833657,0.683,0.07,0,"20","TOP2A"
0,3.46429663536513,0.278,0.021,0,"20","KIF15"
0,3.45726799998496,0.398,0.032,0,"20","GTSE1"
0,3.45445217304348,0.558,0.052,0,"20","ASPM"
0,3.39683905853643,0.261,0.024,0,"20","KIF4A"
0,3.33819377277505,0.648,0.083,0,"20","CENPF"
0,3.29915847688349,0.26,0.023,0,"20","HJURP"
0,3.2922331290084,0.278,0.025,0,"20","DLGAP5"
0,6.35296471732731,0.263,0.004,0,"21","COL13A1"
0,6.27576751038845,0.917,0.047,0,"21","COL15A1"
0,6.17547413049286,0.965,0.066,0,"21","COL4A1"
0,6.1691975834671,0.597,0.013,0,"21","HECW2"
0,5.93077709653364,0.662,0.018,0,"21","KDR"
0,5.85751601677365,0.355,0.007,0,"21","F2RL3"
0,5.78392731787343,0.256,0.004,0,"21","ADAMTS7"
0,5.74318574282818,0.334,0.009,0,"21","P2RY6"
0,5.72091788083187,0.309,0.006,0,"21","PCDH12"
0,5.703952126246,0.558,0.029,0,"21","IGFBP3"
0,2.76250401823064,0.263,0.022,0,"22","TRIM29"
0,2.65163382403736,0.32,0.042,0,"22","FAM3B"
0,2.5874841072192,0.634,0.167,0,"22","REG1A"
0,2.56756616878359,0.309,0.032,0,"22","RAMP1"
0,2.492465125613,0.389,0.048,0,"22","FOXQ1"
0,2.46474767216447,0.286,0.03,0,"22","CCNO"
0,2.41108294956435,0.367,0.046,0,"22","ONECUT2"
0,2.36034067996771,0.302,0.031,0,"22","SLC7A11"
0,2.30990258960127,0.448,0.054,0,"22","PSAT1"
0,2.2609944711413,0.309,0.033,0,"22","CLDN1"
0,8.93179356812489,0.35,0.004,0,"23","CXCL14"
0,7.53888134241234,0.277,0.004,0,"23","COL7A1"
0,7.10107846038386,0.885,0.044,0,"23","COL3A1"
0,6.94177015505386,0.311,0.012,0,"23","WNT5A"
0,6.89700423276738,0.874,0.047,0,"23","COL1A1"
0,6.74710018710823,0.26,0.005,0,"23","FENDRR"
0,6.70843625949785,0.539,0.009,0,"23","PDGFRA"
0,6.66734774550948,0.76,0.019,0,"23","COL6A3"
0,6.63966491739527,0.453,0.01,0,"23","MXRA5"
0,6.6193326089398,0.665,0.017,0,"23","EMILIN1"
0,7.6897447828084,0.66,0.004,0,"24","TREM2"
0,7.56524989515048,0.977,0.03,0,"24","C1QB"
0,7.46695297589531,0.981,0.021,0,"24","C1QC"
0,7.3936309072159,0.988,0.033,0,"24","C1QA"
0,7.00284241493753,0.666,0.009,0,"24","FOLR2"
0,6.9644776088254,0.799,0.023,0,"24","APOC1"
0,6.88059255444817,0.906,0.05,0,"24","APOE"
0,6.85816063754036,0.797,0.009,0,"24","MS4A4A"
0,6.65213179163159,0.258,0.002,0,"24","CD209"
0,6.60492450065036,0.789,0.008,0,"24","VSIG4"
0,12.1707959542775,0.482,0,0,"25","KRT24"
0,10.806516440961,0.917,0.005,0,"25","MFAP5"
0,10.4028005969522,0.757,0.003,0,"25","PCOLCE2"
0,9.64062648339475,0.763,0.002,0,"25","SCARA5"
0,9.39643266123281,0.647,0.002,0,"25","PI16"
0,9.24764809414359,0.265,0.001,0,"25","CYP4B1"
0,9.13697314445222,0.841,0.006,0,"25","SFRP1"
0,9.08794288928687,0.902,0.011,0,"25","SFRP2"
0,9.07633646902077,0.844,0.004,0,"25","ADH1B"
0,9.05986360901007,0.395,0.001,0,"25","VEGFD"
0,9.92333451992198,0.372,0.001,0,"26","GNG13"
0,9.57647998854727,0.433,0.001,0,"26","HTR3E"
0,9.41720769062589,0.287,0.001,0,"26","CCDC129"
0,9.33585995229533,0.565,0.002,0,"26","SH2D7"
0,9.28683466119694,0.834,0.005,0,"26","SH2D6"
0,9.17436124819026,0.298,0.001,0,"26","OGDHL"
0,8.92099738609011,0.749,0.006,0,"26","TRPM5"
0,8.70343158804075,0.647,0.005,0,"26","HPGDS"
0,8.29338659901391,0.732,0.021,0,"26","AZGP1"
0,8.23409134284138,0.547,0.005,0,"26","POU2F3"
0,6.88480225678375,0.375,0.003,0,"27","AICDA"
0,5.55583363981687,0.618,0.034,0,"27","MYBL2"
0,5.49717016176343,0.674,0.015,0,"27","RGS13"
0,5.42253778056048,0.36,0.005,0,"27","SERPINA9"
0,5.40928132820994,0.425,0.008,0,"27","GCSAM"
0,5.31928406327139,0.386,0.019,0,"27","SUGCT"
0,5.30765996601109,0.275,0.007,0,"27","KCNK12"
0,5.16555980777295,0.298,0.007,0,"27","MME"
0,5.09623772613417,0.307,0.008,0,"27","NUGGC"
0,4.8218605831556,0.309,0.01,0,"27","EML6"
2.96100062134969e-278,4.66843178153705,0.262,0.023,9.93060388388258e-274,"28","SPC25"
0,4.52773337123162,0.515,0.06,0,"28","ASPM"
0,4.51148691130551,0.521,0.058,0,"28","NUSAP1"
0,4.46342524759578,0.563,0.086,0,"28","TYMS"
6.89904795344924e-202,4.36926790358284,0.267,0.032,2.31380270262781e-197,"28","CLSPN"
2.38724854967419e-268,4.32279030099117,0.31,0.033,8.0063541858973e-264,"28","NUF2"
3.98196117696526e-314,4.28031754285738,0.41,0.05,1.33547013953061e-309,"28","BIRC5"
0,4.24880873884962,0.908,0.229,0,"28","STMN1"
0,4.23464131218495,0.5,0.063,0,"28","UBE2C"
2.01388441848084e-254,4.22271337651626,0.3,0.032,6.75416556270104e-250,"28","ASF1B"
3.66990494828981e-194,6.24445214838128,0.598,0.118,1.23081272155744e-189,"29","IGLC3"
1.18557423937894e-243,6.05615071864632,0.644,0.117,3.97617888402909e-239,"29","IGHG1"
0,5.94660005593415,0.254,0.01,0,"29","IGLL5"
2.31979283938503e-137,5.86528873363668,0.786,0.252,7.78012122472951e-133,"29","IGLC2"
5.00407018683485e-263,5.86403716692771,0.458,0.053,1.67826505926067e-258,"29","IGHG2"
0,5.64445944808761,0.27,0.003,0,"29","IGLV3-1"
2.03928649612085e-168,5.58592977641204,0.962,0.461,6.83935905069011e-164,"29","IGKC"
5.74667368425721e-203,5.48657129396169,0.636,0.125,1.92731942022618e-198,"29","IGHG4"
6.3194480023525e-182,5.39363586147116,0.438,0.066,2.11941647102898e-177,"29","IGHG3"
4.98429776097046e-243,5.31855937456429,0.784,0.172,1.67163378307427e-238,"29","IGHA2"
0,7.363648624278,0.636,0.005,0,"30","SERPINA9"
0,6.4285515051203,0.624,0.019,0,"30","SUGCT"
0,6.36110452982412,0.327,0.004,0,"30","AICDA"
0,6.2815954880295,0.318,0.004,0,"30","HTR3A"
0,5.99268883648168,0.858,0.017,0,"30","RGS13"
0,5.600241065925,0.396,0.011,0,"30","EML6"
0,5.59705691280725,0.301,0.009,0,"30","WDR66"
0,5.57431891796586,0.361,0.007,0,"30","MME"
0,5.34878757251914,0.445,0.011,0,"30","DTX1"
0,5.29503537776302,0.509,0.016,0,"30","LINC01857"
