"cluster","annotation"
"0","Enterocyte-like epithelial"
"1","GZMK+ CD8 Tem-like T cells"
"2","IL7R+ CD4 T cells"
"3","Enterocyte-like epithelial"
"4","B cells"
"5","Goblet cells"
"6","ACKR1+ endothelial cells"
"7","Goblet cells"
"8","Cytotoxic CD8 T cells (IEL/Trm-like)"
"9","Cycling cells — lineage unresolved"
"10","Naive B cells"
"11","Enterocyte-like epithelial"
"12","Endothelial cells"
"13","BEST4+ epithelial cells"
"14","IL1B+ inflammatory monocytes"
"15","Cycling epithelial cells"
"16","OLFM4+ / enterocyte-like epithelial"
"17","BEST4+ epithelial cells"
"18","Plasma cells"
"19","Myofibroblasts"
"20","Cycling epithelial cells"
"21","COL15A1+ endothelial cells"
"22","Goblet cells"
"23","Fibroblast cells"
"24","C1Q+ macrophages"
"25","PI16/SFRP2+ fibroblasts"
"26","Tuft cells"
"27","Cycling germinal-center B cells"
"28","Cycling cytotoxic CD8 T cells / Trm-mitotic-like"
"29","Plasma cells"
"30","Germinal-center B-like cells"
