"source","target","ligand","receptor","prob","pval","interaction_name","interaction_name_2","pathway_name","annotation","evidence","response_group"
"CD8_T","CD8_T","CXCL13","CXCR3",0.00668964342716089,0,"CXCL13_CXCR3","CXCL13 - CXCR3","CXCL","Secreted Signaling","KEGG: hsa04060","non-pCR"
"IL1B_Mono","CD8_T","CXCL16","CXCR6",0.0040108819281398,0,"CXCL16_CXCR6","CXCL16 - CXCR6","CXCL","Secreted Signaling","KEGG: hsa04060","non-pCR"
"IL1B_Mono","CD8_T","MIF","CD74_CXCR4",0.0206197519105365,0,"MIF_CD74_CXCR4","MIF - (CD74+CXCR4)","MIF","Secreted Signaling","PMID: 29637711; PMID: 24760155","non-pCR"
"IL1B_Mono","IL1B_Mono","MIF","CD74_CD44",0.04315851480806,0,"MIF_CD74_CD44","MIF - (CD74+CD44)","MIF","Secreted Signaling","PMID: 29637711; PMID: 26175090","non-pCR"
"CD8_T","IL1B_Mono","MIF","CD74_CD44",0.024836515086627,0,"MIF_CD74_CD44","MIF - (CD74+CD44)","MIF","Secreted Signaling","PMID: 29637711; PMID: 26175090","non-pCR"
"CD8_T","IL1B_Mono","IFNG","IFNGR1_IFNGR2",0.00631253974138598,0,"IFNG_IFNGR1_IFNGR2","IFNG - (IFNGR1+IFNGR2)","IFN-II","Secreted Signaling","KEGG: hsa04060","non-pCR"
"IL1B_Mono","IL1B_Mono","TNF","TNFRSF1A",0.00119496331450895,0,"TNF_TNFRSF1A","TNF - TNFRSF1A","TNF","Secreted Signaling","KEGG: hsa04060","non-pCR"
"IL1B_Mono","IL1B_Mono","TNF","TNFRSF1B",0.00187713145234619,0,"TNF_TNFRSF1B","TNF - TNFRSF1B","TNF","Secreted Signaling","KEGG: hsa04060","non-pCR"
"IL1B_Mono","CD8_T","TNF","TNFRSF1B",0.00193151152237406,0,"TNF_TNFRSF1B","TNF - TNFRSF1B","TNF","Secreted Signaling","KEGG: hsa04060","non-pCR"
"IL1B_Mono","IL1B_Mono","SPP1","CD44",0.0656625809869316,0,"SPP1_CD44","SPP1 - CD44","SPP1","Secreted Signaling","PMID: 21907263","non-pCR"
"IL1B_Mono","CD8_T","SPP1","CD44",0.0166900363387764,0,"SPP1_CD44","SPP1 - CD44","SPP1","Secreted Signaling","PMID: 21907263","non-pCR"
"IL1B_Mono","IL1B_Mono","ANXA1","FPR2",0.00924050233022335,0,"ANXA1_FPR2","ANXA1 - FPR2","ANNEXIN","Secreted Signaling","PMID: 23230437","non-pCR"
"CD8_T","IL1B_Mono","ANXA1","FPR2",0.00275368553649876,0,"ANXA1_FPR2","ANXA1 - FPR2","ANNEXIN","Secreted Signaling","PMID: 23230437","non-pCR"
"IL1B_Mono","IL1B_Mono","ANXA1","FPR1",0.0147692590146677,0,"ANXA1_FPR1","ANXA1 - FPR1","ANNEXIN","Secreted Signaling","PMID: 23230437","non-pCR"
"CD8_T","IL1B_Mono","ANXA1","FPR1",0.0044185737227764,0,"ANXA1_FPR1","ANXA1 - FPR1","ANNEXIN","Secreted Signaling","PMID: 23230437","non-pCR"
"IL1B_Mono","IL1B_Mono","LGALS9","PTPRC",0.00362860100071024,0,"LGALS9_CD45","LGALS9 - CD45","GALECTIN","Secreted Signaling","PMID: 30120235","non-pCR"
"IL1B_Mono","CD8_T","LGALS9","PTPRC",0.0180855079597784,0,"LGALS9_CD45","LGALS9 - CD45","GALECTIN","Secreted Signaling","PMID: 30120235","non-pCR"
"IL1B_Mono","CD8_T","LGALS9","HAVCR2",0.00368896359025958,0,"LGALS9_HAVCR2","LGALS9 - HAVCR2","GALECTIN","Secreted Signaling","PMID: 27192565","non-pCR"
"IL1B_Mono","IL1B_Mono","LGALS9","CD44",0.0154093410449247,0,"LGALS9_CD44","LGALS9 - CD44","GALECTIN","Secreted Signaling","PMID: 25065622","non-pCR"
"IL1B_Mono","CD8_T","LGALS9","CD44",0.00376567203886666,0,"LGALS9_CD44","LGALS9 - CD44","GALECTIN","Secreted Signaling","PMID: 25065622","non-pCR"
"IL1B_Mono","IL1B_Mono","LGALS9","P4HB",0.00863274028287801,0,"LGALS9_P4HB","LGALS9 - P4HB","GALECTIN","Secreted Signaling","PMID:21670307;uniprot","non-pCR"
"IL1B_Mono","CD8_T","LGALS9","P4HB",0.00302752224283003,0,"LGALS9_P4HB","LGALS9 - P4HB","GALECTIN","Secreted Signaling","PMID:21670307;uniprot","non-pCR"
"IL1B_Mono","CD8_T","Cholesterol-LIPA","RORA",0.0003515385003957,0,"Cholesterol-Cholesterol-LIPA_RORA","CHOLESTEROL-LIPA - RORA","Cholesterol","Non-protein Signaling","HMRbase;PMID:12467577;PDB:1N83","non-pCR"
"IL1B_Mono","IL1B_Mono","APP","CD74",0.0179455719020029,0,"APP_CD74","APP - CD74","APP","Cell-Cell Contact","PMID: 19849849","non-pCR"
"IL1B_Mono","CD8_T","APP","CD74",0.0125417196178706,0,"APP_CD74","APP - CD74","APP","Cell-Cell Contact","PMID: 19849849","non-pCR"
"CD8_T","IL1B_Mono","CD6","ALCAM",0.00181127851494704,0,"CD6_ALCAM","CD6 - ALCAM","CD6","Cell-Cell Contact","PMID: 23602662","non-pCR"
"IL1B_Mono","IL1B_Mono","CD99","PILRA",0.00288906525196882,0,"CD99_PILRA","CD99 - PILRA","CD99","Cell-Cell Contact","PMID: 18234675","non-pCR"
"CD8_T","IL1B_Mono","CD99","PILRA",0.0115617169457891,0,"CD99_PILRA","CD99 - PILRA","CD99","Cell-Cell Contact","PMID: 18234675","non-pCR"
"CD8_T","CD8_T","CD99","CD99",0.0648004728944218,0,"CD99_CD99","CD99 - CD99","CD99","Cell-Cell Contact","KEGG: hsa04514","non-pCR"
"CD8_T","CD8_T","CLEC2D","KLRB1",0.0167265474166005,0,"CLEC2D_KLRB1","CLEC2D - KLRB1","CLEC","Cell-Cell Contact","PMID: 24223577","non-pCR"
"IL1B_Mono","CD8_T","CLEC2B","KLRB1",0.00246411987692188,0,"CLEC2B_KLRB1","CLEC2B - KLRB1","CLEC","Cell-Cell Contact","PMID: 24223577","non-pCR"
"CD8_T","CD8_T","CLEC2B","KLRB1",0.0067090985471626,0,"CLEC2B_KLRB1","CLEC2B - KLRB1","CLEC","Cell-Cell Contact","PMID: 24223577","non-pCR"
"CD8_T","CD8_T","CD69","KLRB1",0.00656394382873188,0,"CLEC2C_KLRB1","CLEC2C - KLRB1","CLEC","Cell-Cell Contact","PMID: 24223577","non-pCR"
"IL1B_Mono","IL1B_Mono","ICAM1","ITGAX_ITGB2",0.00373988444238301,0,"ICAM1_ITGAX_ITGB2","ICAM1 - (ITGAX+ITGB2)","ICAM","Cell-Cell Contact","PMID: 16252253","non-pCR"
"IL1B_Mono","CD8_T","ICAM1","SPN",0.0037458440851573,0,"ICAM1_SPN","ICAM1 - SPN","ICAM","Cell-Cell Contact","PMID: 1683685","non-pCR"
"CD8_T","CD8_T","LCK","CD8 receptor",0.0722283448458132,0,"LCK_CD8A_CD8B1","LCK - (CD8A+CD8B1)","LCK","Cell-Cell Contact","PMID: 25427562","non-pCR"
"IL1B_Mono","CD8_T","HLA-A","CD8A",0.174773014850119,0,"HLA-A_CD8A","HLA-A - CD8A","MHC-I","Cell-Cell Contact","KEGG: hsa04514","non-pCR"
"CD8_T","CD8_T","HLA-A","CD8A",0.228278043553335,0,"HLA-A_CD8A","HLA-A - CD8A","MHC-I","Cell-Cell Contact","KEGG: hsa04514","non-pCR"
"IL1B_Mono","CD8_T","HLA-B","CD8A",0.199841207420663,0,"HLA-B_CD8A","HLA-B - CD8A","MHC-I","Cell-Cell Contact","KEGG: hsa04514","non-pCR"
"CD8_T","CD8_T","HLA-B","CD8A",0.231172376915361,0,"HLA-B_CD8A","HLA-B - CD8A","MHC-I","Cell-Cell Contact","KEGG: hsa04514","non-pCR"
"IL1B_Mono","CD8_T","HLA-C","CD8A",0.175384869214124,0,"HLA-C_CD8A","HLA-C - CD8A","MHC-I","Cell-Cell Contact","KEGG: hsa04514","non-pCR"
"CD8_T","CD8_T","HLA-C","CD8A",0.224291170039407,0,"HLA-C_CD8A","HLA-C - CD8A","MHC-I","Cell-Cell Contact","KEGG: hsa04514","non-pCR"
"IL1B_Mono","CD8_T","HLA-E","CD8A",0.0981962092242403,0,"HLA-E_CD8A","HLA-E - CD8A","MHC-I","Cell-Cell Contact","KEGG: hsa04514","non-pCR"
"CD8_T","CD8_T","HLA-E","CD8A",0.154809593425873,0,"HLA-E_CD8A","HLA-E - CD8A","MHC-I","Cell-Cell Contact","KEGG: hsa04514","non-pCR"
"IL1B_Mono","CD8_T","HLA-F","CD8A",0.0232104058316878,0.03,"HLA-F_CD8A","HLA-F - CD8A","MHC-I","Cell-Cell Contact","KEGG: hsa04514","non-pCR"
"CD8_T","CD8_T","HLA-F","CD8A",0.0803750810276449,0,"HLA-F_CD8A","HLA-F - CD8A","MHC-I","Cell-Cell Contact","KEGG: hsa04514","non-pCR"
"IL1B_Mono","CD8_T","HLA-A","CD8B",0.107027171849618,0,"HLA-A_CD8B","HLA-A - CD8B","MHC-I","Cell-Cell Contact","KEGG: hsa04514","non-pCR"
"CD8_T","CD8_T","HLA-A","CD8B",0.143396337926232,0,"HLA-A_CD8B","HLA-A - CD8B","MHC-I","Cell-Cell Contact","KEGG: hsa04514","non-pCR"
"IL1B_Mono","CD8_T","HLA-B","CD8B",0.123836549879328,0,"HLA-B_CD8B","HLA-B - CD8B","MHC-I","Cell-Cell Contact","KEGG: hsa04514","non-pCR"
"CD8_T","CD8_T","HLA-B","CD8B",0.145417250901714,0,"HLA-B_CD8B","HLA-B - CD8B","MHC-I","Cell-Cell Contact","KEGG: hsa04514","non-pCR"
"IL1B_Mono","CD8_T","HLA-C","CD8B",0.107432733974387,0,"HLA-C_CD8B","HLA-C - CD8B","MHC-I","Cell-Cell Contact","KEGG: hsa04514","non-pCR"
"CD8_T","CD8_T","HLA-C","CD8B",0.140621791616122,0,"HLA-C_CD8B","HLA-C - CD8B","MHC-I","Cell-Cell Contact","KEGG: hsa04514","non-pCR"
"IL1B_Mono","CD8_T","HLA-E","CD8B",0.0580453594032923,0,"HLA-E_CD8B","HLA-E - CD8B","MHC-I","Cell-Cell Contact","KEGG: hsa04514","non-pCR"
"CD8_T","CD8_T","HLA-E","CD8B",0.0939212971967265,0,"HLA-E_CD8B","HLA-E - CD8B","MHC-I","Cell-Cell Contact","KEGG: hsa04514","non-pCR"
"IL1B_Mono","CD8_T","HLA-F","CD8B",0.0132689136809244,0,"HLA-F_CD8B","HLA-F - CD8B","MHC-I","Cell-Cell Contact","KEGG: hsa04514","non-pCR"
"CD8_T","CD8_T","HLA-F","CD8B",0.0471301815457903,0,"HLA-F_CD8B","HLA-F - CD8B","MHC-I","Cell-Cell Contact","KEGG: hsa04514","non-pCR"
"IL1B_Mono","CD8_T","HLA-E","KLRC2",0.0182368443788677,0,"HLA-E_KLRC2","HLA-E - KLRC2","MHC-I","Cell-Cell Contact","PMID: 26697006","non-pCR"
"CD8_T","CD8_T","HLA-E","KLRC2",0.0302998900529006,0,"HLA-E_KLRC2","HLA-E - KLRC2","MHC-I","Cell-Cell Contact","PMID: 26697006","non-pCR"
"IL1B_Mono","IL1B_Mono","HLA-F","LILRB1",0.00172409344292956,0,"HLA-F_LILRB1","HLA-F - LILRB1","MHC-I","Cell-Cell Contact","PMID: 28484462","non-pCR"
"CD8_T","IL1B_Mono","HLA-F","LILRB1",0.00631232133032006,0,"HLA-F_LILRB1","HLA-F - LILRB1","MHC-I","Cell-Cell Contact","PMID: 28484462","non-pCR"
"IL1B_Mono","CD8_T","HLA-E","CD94:NKG2C",0.0350069721253038,0,"HLA-E_CD94:NKG2C","HLA-E - CD94:NKG2C","MHC-I","Cell-Cell Contact","PMID: 28484462","non-pCR"
"CD8_T","CD8_T","HLA-E","CD94:NKG2C",0.0575130455564341,0,"HLA-E_CD94:NKG2C","HLA-E - CD94:NKG2C","MHC-I","Cell-Cell Contact","PMID: 28484462","non-pCR"
"IL1B_Mono","CD8_T","NECTIN2","TIGIT",0.00260933041826577,0,"NECTIN2_TIGIT","NECTIN2 - TIGIT","NECTIN","Cell-Cell Contact","KEGG: hsa04514","non-pCR"
"CD8_T","IL1B_Mono","SEMA4D","PLXNB2",0.00108335656743643,0,"SEMA4D_PLXNB2","SEMA4D - PLXNB2","SEMA4","Cell-Cell Contact","PMID: 27533782","non-pCR"
"IL1B_Mono","IL1B_Mono","LAIR1","LILRB4",0.0027085717094429,0,"LAIR1_LILRB4","LAIR1 - LILRB4","LAIR1","Cell-Cell Contact","PMID:19283782","non-pCR"
