"patient","cell_type","n_cells","response"
"P11","IL1B_Mono",7,"pCR"
"P11","CD8_T",45,"pCR"
"P11","Other",0,"pCR"
"P12","IL1B_Mono",48,"non-pCR"
"P12","CD8_T",140,"non-pCR"
"P12","Other",0,"non-pCR"
"P14","IL1B_Mono",22,"pCR"
"P14","CD8_T",280,"pCR"
"P14","Other",0,"pCR"
"P15","IL1B_Mono",63,"pCR"
"P15","CD8_T",291,"pCR"
"P15","Other",0,"pCR"
"P17","Other",0,"pCR"
"P17","IL1B_Mono",18,"pCR"
"P17","CD8_T",281,"pCR"
"P18","IL1B_Mono",60,"non-pCR"
"P18","CD8_T",102,"non-pCR"
"P18","Other",0,"non-pCR"
"P19","IL1B_Mono",29,"pCR"
"P19","CD8_T",106,"pCR"
"P19","Other",0,"pCR"
"P21","IL1B_Mono",3,"pCR"
"P21","CD8_T",11,"pCR"
"P21","Other",0,"pCR"
"P24","Other",0,"pCR"
"P24","CD8_T",240,"pCR"
"P24","IL1B_Mono",18,"pCR"
"P25","IL1B_Mono",56,"pCR"
"P25","CD8_T",144,"pCR"
"P25","Other",0,"pCR"
"P26","IL1B_Mono",176,"non-pCR"
"P26","CD8_T",121,"non-pCR"
"P26","Other",0,"non-pCR"
"P27","IL1B_Mono",27,"pCR"
"P27","CD8_T",223,"pCR"
"P27","Other",0,"pCR"
"P28","CD8_T",189,"pCR"
"P28","Other",0,"pCR"
"P28","IL1B_Mono",10,"pCR"
"P29","IL1B_Mono",7,"pCR"
"P29","CD8_T",189,"pCR"
"P29","Other",0,"pCR"
"P30","IL1B_Mono",9,"pCR"
"P30","CD8_T",94,"pCR"
"P30","Other",0,"pCR"
"P31","IL1B_Mono",56,"non-pCR"
"P31","CD8_T",64,"non-pCR"
"P31","Other",0,"non-pCR"
"P32","IL1B_Mono",28,"pCR"
"P32","CD8_T",193,"pCR"
"P32","Other",0,"pCR"
