"patient","cell_type","n_cells","response","total_target_cells","percent_target"
"P11","IL1B_Mono",7,"pCR",52,13.4615384615385
"P11","CD8_T",45,"pCR",52,86.5384615384615
"P11","Other",0,"pCR",52,0
"P12","IL1B_Mono",48,"non-pCR",188,25.531914893617
"P12","CD8_T",140,"non-pCR",188,74.468085106383
"P12","Other",0,"non-pCR",188,0
"P14","IL1B_Mono",22,"pCR",302,7.28476821192053
"P14","CD8_T",280,"pCR",302,92.7152317880795
"P14","Other",0,"pCR",302,0
"P15","IL1B_Mono",63,"pCR",354,17.7966101694915
"P15","CD8_T",291,"pCR",354,82.2033898305085
"P15","Other",0,"pCR",354,0
"P17","Other",0,"pCR",299,0
"P17","IL1B_Mono",18,"pCR",299,6.02006688963211
"P17","CD8_T",281,"pCR",299,93.9799331103679
"P18","IL1B_Mono",60,"non-pCR",162,37.037037037037
"P18","CD8_T",102,"non-pCR",162,62.962962962963
"P18","Other",0,"non-pCR",162,0
"P19","IL1B_Mono",29,"pCR",135,21.4814814814815
"P19","CD8_T",106,"pCR",135,78.5185185185185
"P19","Other",0,"pCR",135,0
"P21","IL1B_Mono",3,"pCR",14,21.4285714285714
"P21","CD8_T",11,"pCR",14,78.5714285714286
"P21","Other",0,"pCR",14,0
"P24","Other",0,"pCR",258,0
"P24","CD8_T",240,"pCR",258,93.0232558139535
"P24","IL1B_Mono",18,"pCR",258,6.97674418604651
"P25","IL1B_Mono",56,"pCR",200,28
"P25","CD8_T",144,"pCR",200,72
"P25","Other",0,"pCR",200,0
"P26","IL1B_Mono",176,"non-pCR",297,59.2592592592593
"P26","CD8_T",121,"non-pCR",297,40.7407407407407
"P26","Other",0,"non-pCR",297,0
"P27","IL1B_Mono",27,"pCR",250,10.8
"P27","CD8_T",223,"pCR",250,89.2
"P27","Other",0,"pCR",250,0
"P28","CD8_T",189,"pCR",199,94.9748743718593
"P28","Other",0,"pCR",199,0
"P28","IL1B_Mono",10,"pCR",199,5.0251256281407
"P29","IL1B_Mono",7,"pCR",196,3.57142857142857
"P29","CD8_T",189,"pCR",196,96.4285714285714
"P29","Other",0,"pCR",196,0
"P30","IL1B_Mono",9,"pCR",103,8.7378640776699
"P30","CD8_T",94,"pCR",103,91.2621359223301
"P30","Other",0,"pCR",103,0
"P31","IL1B_Mono",56,"non-pCR",120,46.6666666666667
"P31","CD8_T",64,"non-pCR",120,53.3333333333333
"P31","Other",0,"non-pCR",120,0
"P32","IL1B_Mono",28,"pCR",221,12.6696832579186
"P32","CD8_T",193,"pCR",221,87.3303167420815
"P32","Other",0,"pCR",221,0
