"patient","response","total_cells","target_cell","target_cells","percentage"
"P11","pCR",880,"CD8_T",45,5.11363636363636
"P11","pCR",880,"IL1B_Mono",7,0.795454545454545
"P12","non-pCR",2060,"CD8_T",140,6.79611650485437
"P12","non-pCR",2060,"IL1B_Mono",48,2.33009708737864
"P14","pCR",2060,"CD8_T",280,13.5922330097087
"P14","pCR",2060,"IL1B_Mono",22,1.06796116504854
"P15","pCR",2060,"CD8_T",291,14.126213592233
"P15","pCR",2060,"IL1B_Mono",63,3.05825242718447
"P17","pCR",2060,"CD8_T",281,13.6407766990291
"P17","pCR",2060,"IL1B_Mono",18,0.87378640776699
"P18","non-pCR",2060,"CD8_T",102,4.95145631067961
"P18","non-pCR",2060,"IL1B_Mono",60,2.9126213592233
"P19","pCR",2060,"CD8_T",106,5.14563106796117
"P19","pCR",2060,"IL1B_Mono",29,1.40776699029126
"P21","pCR",1007,"CD8_T",11,1.09235352532274
"P21","pCR",1007,"IL1B_Mono",3,0.297914597815293
"P24","pCR",2060,"CD8_T",240,11.6504854368932
"P24","pCR",2060,"IL1B_Mono",18,0.87378640776699
"P25","pCR",2060,"CD8_T",144,6.99029126213592
"P25","pCR",2060,"IL1B_Mono",56,2.71844660194175
"P26","non-pCR",2060,"CD8_T",121,5.87378640776699
"P26","non-pCR",2060,"IL1B_Mono",176,8.54368932038835
"P27","pCR",2060,"CD8_T",223,10.8252427184466
"P27","pCR",2060,"IL1B_Mono",27,1.31067961165049
"P28","pCR",2060,"CD8_T",189,9.1747572815534
"P28","pCR",2060,"IL1B_Mono",10,0.485436893203884
"P29","pCR",2060,"CD8_T",189,9.1747572815534
"P29","pCR",2060,"IL1B_Mono",7,0.339805825242718
"P30","pCR",2060,"CD8_T",94,4.5631067961165
"P30","pCR",2060,"IL1B_Mono",9,0.436893203883495
"P31","non-pCR",2060,"CD8_T",64,3.10679611650485
"P31","non-pCR",2060,"IL1B_Mono",56,2.71844660194175
"P32","pCR",2060,"CD8_T",193,9.36893203883495
"P32","pCR",2060,"IL1B_Mono",28,1.35922330097087
