"patient","response","total_cells","target_cell","target_cells"
"P11","pCR",880,"CD8_T",45
"P11","pCR",880,"IL1B_Mono",7
"P12","non-pCR",2060,"CD8_T",140
"P12","non-pCR",2060,"IL1B_Mono",48
"P14","pCR",2060,"CD8_T",280
"P14","pCR",2060,"IL1B_Mono",22
"P15","pCR",2060,"CD8_T",291
"P15","pCR",2060,"IL1B_Mono",63
"P17","pCR",2060,"CD8_T",281
"P17","pCR",2060,"IL1B_Mono",18
"P18","non-pCR",2060,"CD8_T",102
"P18","non-pCR",2060,"IL1B_Mono",60
"P19","pCR",2060,"CD8_T",106
"P19","pCR",2060,"IL1B_Mono",29
"P21","pCR",1007,"CD8_T",11
"P21","pCR",1007,"IL1B_Mono",3
"P24","pCR",2060,"CD8_T",240
"P24","pCR",2060,"IL1B_Mono",18
"P25","pCR",2060,"CD8_T",144
"P25","pCR",2060,"IL1B_Mono",56
"P26","non-pCR",2060,"CD8_T",121
"P26","non-pCR",2060,"IL1B_Mono",176
"P27","pCR",2060,"CD8_T",223
"P27","pCR",2060,"IL1B_Mono",27
"P28","pCR",2060,"CD8_T",189
"P28","pCR",2060,"IL1B_Mono",10
"P29","pCR",2060,"CD8_T",189
"P29","pCR",2060,"IL1B_Mono",7
"P30","pCR",2060,"CD8_T",94
"P30","pCR",2060,"IL1B_Mono",9
"P31","non-pCR",2060,"CD8_T",64
"P31","non-pCR",2060,"IL1B_Mono",56
"P32","pCR",2060,"CD8_T",193
"P32","pCR",2060,"IL1B_Mono",28
