"source","target","ligand","receptor","prob","pval","interaction_name","interaction_name_2","pathway_name","annotation","evidence","response_group","response","LR"
"CD8_T","IL1B_Mono","CCL5","CCR1",0.0289081127288466,0,"CCL5_CCR1","CCL5 - CCR1","CCL","Secreted Signaling","KEGG: hsa04060","pCR","pCR","CCL5_CCR1"
"IL1B_Mono","CD8_T","RETN","CAP1",0.00409036468320062,0,"RETN_CAP1","RETN - CAP1","RESISTIN","Secreted Signaling","PMID: 30809105","pCR","pCR","RETN_CAP1"
"CD8_T","IL1B_Mono","ANXA1","FPR1",0.0127377358724786,0,"ANXA1_FPR1","ANXA1 - FPR1","ANNEXIN","Secreted Signaling","PMID: 23230437","pCR","pCR","ANXA1_FPR1"
"IL1B_Mono","CD8_T","LGALS9","PTPRC",0.0468992220038328,0,"LGALS9_CD45","LGALS9 - CD45","GALECTIN","Secreted Signaling","PMID: 30120235","pCR","pCR","LGALS9_CD45"
"IL1B_Mono","CD8_T","LGALS9","CD44",0.00908852647309288,0,"LGALS9_CD44","LGALS9 - CD44","GALECTIN","Secreted Signaling","PMID: 25065622","pCR","pCR","LGALS9_CD44"
"CD8_T","IL1B_Mono","ANXA1","FPR3",0.00240961270999679,0,"ANXA1_FPR3","ANXA1 - FPR3","ANNEXIN","Secreted Signaling","PMID: 33082511","pCR","pCR","ANXA1_FPR3"
"CD8_T","IL1B_Mono","PPIA","BSG",0.0333612397189958,0,"PPIA_BSG","PPIA - BSG","CypA","Secreted Signaling","PMID: 36012604","pCR","pCR","PPIA_BSG"
"IL1B_Mono","CD8_T","PPIA","BSG",0.0216367657691234,0,"PPIA_BSG","PPIA - BSG","CypA","Secreted Signaling","PMID: 36012604","pCR","pCR","PPIA_BSG"
"IL1B_Mono","CD8_T","Cholesterol-LIPA","RORA",0.00259719955243439,0,"Cholesterol-Cholesterol-LIPA_RORA","CHOLESTEROL-LIPA - RORA","Cholesterol","Non-protein Signaling","HMRbase;PMID:12467577;PDB:1N83","pCR","pCR","Cholesterol-Cholesterol-LIPA_RORA"
"IL1B_Mono","CD8_T","APP","CD74",0.0133240788862252,0,"APP_CD74","APP - CD74","APP","Cell-Cell Contact","PMID: 19849849","pCR","pCR","APP_CD74"
"CD8_T","IL1B_Mono","PTPRC","MRC1",0.0210668376215305,0,"PTPRC_MRC1","PTPRC - MRC1","CD45","Cell-Cell Contact","PMID: 27601670; PMID: 10575006","pCR","pCR","PTPRC_MRC1"
"CD8_T","IL1B_Mono","CD99","PILRA",0.0147318273741204,0,"CD99_PILRA","CD99 - PILRA","CD99","Cell-Cell Contact","PMID: 18234675","pCR","pCR","CD99_PILRA"
"IL1B_Mono","CD8_T","CLEC2B","KLRB1",0.00373204198781827,0,"CLEC2B_KLRB1","CLEC2B - KLRB1","CLEC","Cell-Cell Contact","PMID: 24223577","pCR","pCR","CLEC2B_KLRB1"
"CD8_T","IL1B_Mono","HLA-F","LILRB1",0.00869741061111569,0,"HLA-F_LILRB1","HLA-F - LILRB1","MHC-I","Cell-Cell Contact","PMID: 28484462","pCR","pCR","HLA-F_LILRB1"
"CD8_T","IL1B_Mono","HLA-DPA1","CD4",0.00525228624566521,0,"HLA-DPA1_CD4","HLA-DPA1 - CD4","MHC-II","Cell-Cell Contact","KEGG: hsa04514","pCR","pCR","HLA-DPA1_CD4"
"CD8_T","IL1B_Mono","HLA-DPB1","CD4",0.0133694465028822,0,"HLA-DPB1_CD4","HLA-DPB1 - CD4","MHC-II","Cell-Cell Contact","KEGG: hsa04514","pCR","pCR","HLA-DPB1_CD4"
"CD8_T","IL1B_Mono","HLA-DQA1","CD4",0.00366992825623104,0,"HLA-DQA1_CD4","HLA-DQA1 - CD4","MHC-II","Cell-Cell Contact","KEGG: hsa04514","pCR","pCR","HLA-DQA1_CD4"
"CD8_T","IL1B_Mono","HLA-DQB1","CD4",0.00348627370079909,0,"HLA-DQB1_CD4","HLA-DQB1 - CD4","MHC-II","Cell-Cell Contact","KEGG: hsa04514","pCR","pCR","HLA-DQB1_CD4"
"CD8_T","IL1B_Mono","HLA-DRA","CD4",0.00555684911899449,0,"HLA-DRA_CD4","HLA-DRA - CD4","MHC-II","Cell-Cell Contact","KEGG: hsa04514","pCR","pCR","HLA-DRA_CD4"
"CD8_T","IL1B_Mono","HLA-DRB1","CD4",0.0127784557567437,0,"HLA-DRB1_CD4","HLA-DRB1 - CD4","MHC-II","Cell-Cell Contact","KEGG: hsa04514","pCR","pCR","HLA-DRB1_CD4"
"IL1B_Mono","CD8_T","NECTIN2","TIGIT",0.00111137715483629,0,"NECTIN2_TIGIT","NECTIN2 - TIGIT","NECTIN","Cell-Cell Contact","KEGG: hsa04514","pCR","pCR","NECTIN2_TIGIT"
"IL1B_Mono","CD8_T","CXCL16","CXCR6",0.0040108819281398,0,"CXCL16_CXCR6","CXCL16 - CXCR6","CXCL","Secreted Signaling","KEGG: hsa04060","non-pCR","non-pCR","CXCL16_CXCR6"
"IL1B_Mono","CD8_T","MIF","CD74_CXCR4",0.0206197519105365,0,"MIF_CD74_CXCR4","MIF - (CD74+CXCR4)","MIF","Secreted Signaling","PMID: 29637711; PMID: 24760155","non-pCR","non-pCR","MIF_CD74_CXCR4"
"CD8_T","IL1B_Mono","MIF","CD74_CD44",0.024836515086627,0,"MIF_CD74_CD44","MIF - (CD74+CD44)","MIF","Secreted Signaling","PMID: 29637711; PMID: 26175090","non-pCR","non-pCR","MIF_CD74_CD44"
"CD8_T","IL1B_Mono","IFNG","IFNGR1_IFNGR2",0.00631253974138598,0,"IFNG_IFNGR1_IFNGR2","IFNG - (IFNGR1+IFNGR2)","IFN-II","Secreted Signaling","KEGG: hsa04060","non-pCR","non-pCR","IFNG_IFNGR1_IFNGR2"
"IL1B_Mono","CD8_T","TNF","TNFRSF1B",0.00193151152237406,0,"TNF_TNFRSF1B","TNF - TNFRSF1B","TNF","Secreted Signaling","KEGG: hsa04060","non-pCR","non-pCR","TNF_TNFRSF1B"
"IL1B_Mono","CD8_T","SPP1","CD44",0.0166900363387764,0,"SPP1_CD44","SPP1 - CD44","SPP1","Secreted Signaling","PMID: 21907263","non-pCR","non-pCR","SPP1_CD44"
"CD8_T","IL1B_Mono","ANXA1","FPR2",0.00275368553649876,0,"ANXA1_FPR2","ANXA1 - FPR2","ANNEXIN","Secreted Signaling","PMID: 23230437","non-pCR","non-pCR","ANXA1_FPR2"
"CD8_T","IL1B_Mono","ANXA1","FPR1",0.0044185737227764,0,"ANXA1_FPR1","ANXA1 - FPR1","ANNEXIN","Secreted Signaling","PMID: 23230437","non-pCR","non-pCR","ANXA1_FPR1"
"IL1B_Mono","CD8_T","LGALS9","PTPRC",0.0180855079597784,0,"LGALS9_CD45","LGALS9 - CD45","GALECTIN","Secreted Signaling","PMID: 30120235","non-pCR","non-pCR","LGALS9_CD45"
"IL1B_Mono","CD8_T","LGALS9","HAVCR2",0.00368896359025958,0,"LGALS9_HAVCR2","LGALS9 - HAVCR2","GALECTIN","Secreted Signaling","PMID: 27192565","non-pCR","non-pCR","LGALS9_HAVCR2"
"IL1B_Mono","CD8_T","LGALS9","CD44",0.00376567203886666,0,"LGALS9_CD44","LGALS9 - CD44","GALECTIN","Secreted Signaling","PMID: 25065622","non-pCR","non-pCR","LGALS9_CD44"
"IL1B_Mono","CD8_T","LGALS9","P4HB",0.00302752224283003,0,"LGALS9_P4HB","LGALS9 - P4HB","GALECTIN","Secreted Signaling","PMID:21670307;uniprot","non-pCR","non-pCR","LGALS9_P4HB"
"IL1B_Mono","CD8_T","Cholesterol-LIPA","RORA",0.0003515385003957,0,"Cholesterol-Cholesterol-LIPA_RORA","CHOLESTEROL-LIPA - RORA","Cholesterol","Non-protein Signaling","HMRbase;PMID:12467577;PDB:1N83","non-pCR","non-pCR","Cholesterol-Cholesterol-LIPA_RORA"
"IL1B_Mono","CD8_T","APP","CD74",0.0125417196178706,0,"APP_CD74","APP - CD74","APP","Cell-Cell Contact","PMID: 19849849","non-pCR","non-pCR","APP_CD74"
"CD8_T","IL1B_Mono","CD6","ALCAM",0.00181127851494704,0,"CD6_ALCAM","CD6 - ALCAM","CD6","Cell-Cell Contact","PMID: 23602662","non-pCR","non-pCR","CD6_ALCAM"
"CD8_T","IL1B_Mono","CD99","PILRA",0.0115617169457891,0,"CD99_PILRA","CD99 - PILRA","CD99","Cell-Cell Contact","PMID: 18234675","non-pCR","non-pCR","CD99_PILRA"
"IL1B_Mono","CD8_T","CLEC2B","KLRB1",0.00246411987692188,0,"CLEC2B_KLRB1","CLEC2B - KLRB1","CLEC","Cell-Cell Contact","PMID: 24223577","non-pCR","non-pCR","CLEC2B_KLRB1"
"IL1B_Mono","CD8_T","ICAM1","SPN",0.0037458440851573,0,"ICAM1_SPN","ICAM1 - SPN","ICAM","Cell-Cell Contact","PMID: 1683685","non-pCR","non-pCR","ICAM1_SPN"
"IL1B_Mono","CD8_T","HLA-A","CD8A",0.174773014850119,0,"HLA-A_CD8A","HLA-A - CD8A","MHC-I","Cell-Cell Contact","KEGG: hsa04514","non-pCR","non-pCR","HLA-A_CD8A"
"IL1B_Mono","CD8_T","HLA-B","CD8A",0.199841207420663,0,"HLA-B_CD8A","HLA-B - CD8A","MHC-I","Cell-Cell Contact","KEGG: hsa04514","non-pCR","non-pCR","HLA-B_CD8A"
"IL1B_Mono","CD8_T","HLA-C","CD8A",0.175384869214124,0,"HLA-C_CD8A","HLA-C - CD8A","MHC-I","Cell-Cell Contact","KEGG: hsa04514","non-pCR","non-pCR","HLA-C_CD8A"
"IL1B_Mono","CD8_T","HLA-E","CD8A",0.0981962092242403,0,"HLA-E_CD8A","HLA-E - CD8A","MHC-I","Cell-Cell Contact","KEGG: hsa04514","non-pCR","non-pCR","HLA-E_CD8A"
"IL1B_Mono","CD8_T","HLA-F","CD8A",0.0232104058316878,0.03,"HLA-F_CD8A","HLA-F - CD8A","MHC-I","Cell-Cell Contact","KEGG: hsa04514","non-pCR","non-pCR","HLA-F_CD8A"
"IL1B_Mono","CD8_T","HLA-A","CD8B",0.107027171849618,0,"HLA-A_CD8B","HLA-A - CD8B","MHC-I","Cell-Cell Contact","KEGG: hsa04514","non-pCR","non-pCR","HLA-A_CD8B"
"IL1B_Mono","CD8_T","HLA-B","CD8B",0.123836549879328,0,"HLA-B_CD8B","HLA-B - CD8B","MHC-I","Cell-Cell Contact","KEGG: hsa04514","non-pCR","non-pCR","HLA-B_CD8B"
"IL1B_Mono","CD8_T","HLA-C","CD8B",0.107432733974387,0,"HLA-C_CD8B","HLA-C - CD8B","MHC-I","Cell-Cell Contact","KEGG: hsa04514","non-pCR","non-pCR","HLA-C_CD8B"
"IL1B_Mono","CD8_T","HLA-E","CD8B",0.0580453594032923,0,"HLA-E_CD8B","HLA-E - CD8B","MHC-I","Cell-Cell Contact","KEGG: hsa04514","non-pCR","non-pCR","HLA-E_CD8B"
"IL1B_Mono","CD8_T","HLA-F","CD8B",0.0132689136809244,0,"HLA-F_CD8B","HLA-F - CD8B","MHC-I","Cell-Cell Contact","KEGG: hsa04514","non-pCR","non-pCR","HLA-F_CD8B"
"IL1B_Mono","CD8_T","HLA-E","KLRC2",0.0182368443788677,0,"HLA-E_KLRC2","HLA-E - KLRC2","MHC-I","Cell-Cell Contact","PMID: 26697006","non-pCR","non-pCR","HLA-E_KLRC2"
"CD8_T","IL1B_Mono","HLA-F","LILRB1",0.00631232133032006,0,"HLA-F_LILRB1","HLA-F - LILRB1","MHC-I","Cell-Cell Contact","PMID: 28484462","non-pCR","non-pCR","HLA-F_LILRB1"
"IL1B_Mono","CD8_T","HLA-E","CD94:NKG2C",0.0350069721253038,0,"HLA-E_CD94:NKG2C","HLA-E - CD94:NKG2C","MHC-I","Cell-Cell Contact","PMID: 28484462","non-pCR","non-pCR","HLA-E_CD94:NKG2C"
"IL1B_Mono","CD8_T","NECTIN2","TIGIT",0.00260933041826577,0,"NECTIN2_TIGIT","NECTIN2 - TIGIT","NECTIN","Cell-Cell Contact","KEGG: hsa04514","non-pCR","non-pCR","NECTIN2_TIGIT"
"CD8_T","IL1B_Mono","SEMA4D","PLXNB2",0.00108335656743643,0,"SEMA4D_PLXNB2","SEMA4D - PLXNB2","SEMA4","Cell-Cell Contact","PMID: 27533782","non-pCR","non-pCR","SEMA4D_PLXNB2"
