"source","target","LR","non-pCR","pCR","difference_pCR_minus_nonpCR"
"IL1B_Mono","CD8_T","HLA-B_CD8A",0.199841207420663,0,-0.199841207420663
"IL1B_Mono","CD8_T","HLA-C_CD8A",0.175384869214124,0,-0.175384869214124
"IL1B_Mono","CD8_T","HLA-A_CD8A",0.174773014850119,0,-0.174773014850119
"IL1B_Mono","CD8_T","HLA-B_CD8B",0.123836549879328,0,-0.123836549879328
"IL1B_Mono","CD8_T","HLA-C_CD8B",0.107432733974387,0,-0.107432733974387
"IL1B_Mono","CD8_T","HLA-A_CD8B",0.107027171849618,0,-0.107027171849618
"IL1B_Mono","CD8_T","HLA-E_CD8A",0.0981962092242403,0,-0.0981962092242403
"IL1B_Mono","CD8_T","HLA-E_CD8B",0.0580453594032923,0,-0.0580453594032923
"IL1B_Mono","CD8_T","HLA-E_CD94:NKG2C",0.0350069721253038,0,-0.0350069721253038
"CD8_T","IL1B_Mono","PPIA_BSG",0,0.0333612397189958,0.0333612397189958
"CD8_T","IL1B_Mono","CCL5_CCR1",0,0.0289081127288466,0.0289081127288466
"IL1B_Mono","CD8_T","LGALS9_CD45",0.0180855079597784,0.0468992220038328,0.0288137140440544
"CD8_T","IL1B_Mono","MIF_CD74_CD44",0.024836515086627,0,-0.024836515086627
"IL1B_Mono","CD8_T","HLA-F_CD8A",0.0232104058316878,0,-0.0232104058316878
"IL1B_Mono","CD8_T","PPIA_BSG",0,0.0216367657691234,0.0216367657691234
"CD8_T","IL1B_Mono","PTPRC_MRC1",0,0.0210668376215305,0.0210668376215305
"IL1B_Mono","CD8_T","MIF_CD74_CXCR4",0.0206197519105365,0,-0.0206197519105365
"IL1B_Mono","CD8_T","HLA-E_KLRC2",0.0182368443788677,0,-0.0182368443788677
"IL1B_Mono","CD8_T","SPP1_CD44",0.0166900363387764,0,-0.0166900363387764
"CD8_T","IL1B_Mono","HLA-DPB1_CD4",0,0.0133694465028822,0.0133694465028822
"IL1B_Mono","CD8_T","HLA-F_CD8B",0.0132689136809244,0,-0.0132689136809244
"CD8_T","IL1B_Mono","HLA-DRB1_CD4",0,0.0127784557567437,0.0127784557567437
"CD8_T","IL1B_Mono","ANXA1_FPR1",0.0044185737227764,0.0127377358724786,0.00831916214970224
"CD8_T","IL1B_Mono","IFNG_IFNGR1_IFNGR2",0.00631253974138598,0,-0.00631253974138598
"CD8_T","IL1B_Mono","HLA-DRA_CD4",0,0.00555684911899449,0.00555684911899449
"IL1B_Mono","CD8_T","LGALS9_CD44",0.00376567203886666,0.00908852647309288,0.00532285443422622
"CD8_T","IL1B_Mono","HLA-DPA1_CD4",0,0.00525228624566521,0.00525228624566521
"IL1B_Mono","CD8_T","RETN_CAP1",0,0.00409036468320062,0.00409036468320062
"IL1B_Mono","CD8_T","CXCL16_CXCR6",0.0040108819281398,0,-0.0040108819281398
"IL1B_Mono","CD8_T","ICAM1_SPN",0.0037458440851573,0,-0.0037458440851573
"IL1B_Mono","CD8_T","LGALS9_HAVCR2",0.00368896359025958,0,-0.00368896359025958
"CD8_T","IL1B_Mono","HLA-DQA1_CD4",0,0.00366992825623104,0.00366992825623104
"CD8_T","IL1B_Mono","HLA-DQB1_CD4",0,0.00348627370079909,0.00348627370079909
"CD8_T","IL1B_Mono","CD99_PILRA",0.0115617169457891,0.0147318273741204,0.00317011042833136
"IL1B_Mono","CD8_T","LGALS9_P4HB",0.00302752224283003,0,-0.00302752224283003
"CD8_T","IL1B_Mono","ANXA1_FPR2",0.00275368553649876,0,-0.00275368553649876
"CD8_T","IL1B_Mono","ANXA1_FPR3",0,0.00240961270999679,0.00240961270999679
"CD8_T","IL1B_Mono","HLA-F_LILRB1",0.00631232133032006,0.00869741061111569,0.00238508928079562
"IL1B_Mono","CD8_T","Cholesterol-Cholesterol-LIPA_RORA",0.0003515385003957,0.00259719955243439,0.00224566105203869
"IL1B_Mono","CD8_T","TNF_TNFRSF1B",0.00193151152237406,0,-0.00193151152237406
"CD8_T","IL1B_Mono","CD6_ALCAM",0.00181127851494704,0,-0.00181127851494704
"IL1B_Mono","CD8_T","NECTIN2_TIGIT",0.00260933041826577,0.00111137715483629,-0.00149795326342948
"IL1B_Mono","CD8_T","CLEC2B_KLRB1",0.00246411987692188,0.00373204198781827,0.00126792211089639
"CD8_T","IL1B_Mono","SEMA4D_PLXNB2",0.00108335656743643,0,-0.00108335656743643
"IL1B_Mono","CD8_T","APP_CD74",0.0125417196178706,0.0133240788862252,0.000782359268354573
