"rank","gene"
1,"IGKC"
2,"ACTA2"
3,"COL1A2"
4,"TAGLN"
5,"IGLC2"
6,"COL3A1"
7,"COL1A1"
8,"LYZ"
9,"MGP"
10,"CCL4"
11,"TPM2"
12,"MYL9"
13,"IGFBP5"
14,"C11orf96"
15,"TFF3"
16,"GNLY"
17,"S100A9"
18,"CCL2"
19,"APOE"
20,"CCL3"
21,"OLFM4"
22,"FN1"
23,"MUC2"
24,"C1QA"
25,"CTGF"
26,"PTGDS"
27,"CLDN5"
28,"COL6A3"
29,"CYR61"
30,"FBLN1"
31,"COL6A2"
32,"SPARC"
33,"TYROBP"
34,"CCL20"
35,"TM4SF1"
36,"C1S"
37,"IGFBP3"
38,"CARMN"
39,"MMP2"
40,"C1QB"
41,"FCER1G"
42,"TIMP1"
43,"SOX18"
44,"POSTN"
45,"FABP1"
46,"CLU"
47,"AIF1"
48,"C1QC"
49,"CALD1"
50,"MCAM"
51,"MS4A6A"
52,"CXCL3"
53,"C1R"
54,"UBE2C"
55,"COL6A1"
56,"PI3"
57,"CXCL2"
58,"RGCC"
59,"CCL5"
60,"CENPF"
61,"LGALS1"
62,"ADAMTS1"
63,"C2CD4B"
64,"CKB"
65,"CXCL1"
66,"HLA-DQA1"
67,"TRDC"
68,"VCAN"
69,"GPNMB"
70,"TOP2A"
71,"G0S2"
72,"TIMP3"
73,"NKG7"
74,"TRBC1"
75,"CEACAM7"
76,"KLRB1"
77,"FRZB"
78,"MT1G"
79,"SLC9A3R2"
80,"STMN1"
81,"DUOX2"
82,"CSRP2"
83,"MNDA"
84,"RGS1"
85,"MKI67"
86,"CLEC10A"
87,"ASPM"
88,"AREG"
89,"IL7R"
90,"VCAM1"
91,"FSTL1"
92,"LST1"
93,"MEG3"
94,"COL15A1"
95,"PTTG1"
96,"PPP1R14A"
97,"LCN2"
98,"FGL2"
99,"ATF3"
100,"CAVIN2"
101,"IFNG"
102,"MT1X"
103,"HYAL2"
104,"MT1M"
105,"KLF2"
106,"MT2A"
107,"KLRC1"
108,"CCNB1"
109,"CAVIN3"
110,"CDC20"
111,"MAFB"
112,"FABP5"
113,"GDF15"
114,"AGR2"
115,"SELENOM"
116,"GSN"
117,"HMGB2"
118,"CEACAM1"
119,"TNC"
120,"PLAC8"
121,"FBN1"
122,"RGS2"
123,"PLA2G2A"
124,"NUSAP1"
125,"SLC2A3"
126,"TYMS"
127,"GZMH"
128,"KRT19"
129,"GADD45B"
130,"RRM2"
131,"TBX2"
132,"SLPI"
133,"TRIM31"
134,"HOPX"
135,"TUBA1A"
136,"EGR1"
137,"CD8A"
138,"PHLDA2"
139,"TM4SF18"
140,"RASD1"
141,"KLRD1"
142,"L1TD1"
143,"CCNB2"
144,"CTSE"
145,"HMMR"
146,"CDK1"
147,"NR4A2"
148,"IGFBP2"
149,"BIRC5"
150,"TGM2"
151,"MAP1B"
152,"ITGB2"
153,"TPX2"
154,"GTSE1"
155,"C15orf48"
156,"CCNA2"
157,"NUPR1"
158,"JCHAIN"
159,"IGHA1"
160,"LUM"
161,"DCN"
162,"IGHG1"
163,"ACKR1"
164,"MYH11"
165,"IGFBP7"
166,"CCL4L2"
167,"GUCA2A"
168,"GZMA"
169,"VWF"
170,"CCL3L1"
171,"PLVAP"
172,"RGS5"
173,"IGHM"
174,"FCGBP"
175,"RAMP2"
176,"SPINK4"
177,"FABP4"
178,"MT1H"
179,"GZMK"
180,"HLA-DRA"
181,"PECAM1"
182,"SERPINF1"
183,"HLA-DPA1"
184,"CPE"
185,"REG4"
186,"HLA-DPB1"
187,"RAMP3"
188,"RARRES2"
189,"EGFL7"
190,"ACTG2"
191,"CFD"
192,"THY1"
193,"COL14A1"
194,"HSPA6"
195,"FCGR3A"
196,"SOCS3"
197,"NDUFA4L2"
198,"AKAP12"
199,"NNMT"
200,"KRT20"
201,"SELENOP"
202,"CEACAM6"
203,"MFAP4"
204,"GZMB"
205,"CD14"
206,"S100A4"
207,"BGN"
208,"CD93"
209,"PLAT"
210,"MMRN1"
211,"COL5A2"
212,"CLEC14A"
213,"SULF1"
214,"CPVL"
215,"DEPP1"
216,"ADAMTS9"
217,"HLA-DRB1"
218,"NOTCH3"
219,"CD69"
220,"APLNR"
221,"DUSP2"
222,"HIST1H4C"
223,"SOD3"
224,"SRGN"
225,"RNASE1"
226,"PHGR1"
227,"HTRA1"
228,"SERPINE2"
229,"PDGFRB"
230,"MS4A7"
231,"RGS16"
232,"ENPP2"
233,"ADGRL4"
234,"GJA4"
235,"CD83"
236,"DNASE1L3"
237,"PODXL"
238,"ADIRF"
239,"CALCRL"
240,"IGFBP4"
241,"FBLN2"
242,"SERPINA1"
243,"ICAM1"
244,"THBD"
245,"EDN1"
246,"PCLAF"
247,"CD36"
248,"EMP1"
249,"IFI6"
250,"XCL2"
251,"TRGC2"
252,"MYLK"
253,"ADAMTS4"
254,"BASP1"
255,"COL5A1"
256,"LTB"
257,"PDGFRA"
258,"PMP22"
259,"PALMD"
260,"FGF7"
261,"ADM"
262,"LEFTY1"
263,"SMOC2"
264,"SOX17"
265,"HEG1"
266,"COL18A1"
267,"CCL23"
268,"AEBP1"
269,"ANPEP"
270,"TNF"
271,"XCL1"
272,"FLT1"
273,"CDKN3"
274,"LMCD1"
275,"TNFAIP2"
276,"CFH"
277,"RHOB"
278,"ALOX5AP"
279,"GPR183"
280,"SFN"
281,"ID3"
282,"CSF1R"
283,"CKS2"
284,"CENPE"
285,"CCDC3"
286,"LAMA4"
287,"IER3"
288,"TCIM"
289,"FILIP1L"
290,"CST7"
291,"IFI27"
292,"DKK3"
293,"ISG15"
294,"NR4A1"
295,"SPINK1"
296,"HES4"
297,"HCK"
298,"MPEG1"
299,"TPPP3"
300,"AURKB"
301,"SOX4"
302,"ADH1C"
303,"CLEC7A"
304,"S100A14"
305,"HIST1H2BG"
306,"ICAM2"
307,"MXD1"
308,"DLGAP5"
309,"TIGIT"
310,"C1orf162"
311,"AL031777.3"
312,"IGHA2"
313,"IGLC3"
314,"S100A8"
315,"CLCA4"
316,"MZB1"
317,"SPARCL1"
318,"CXCL14"
319,"CAV1"
320,"CLCA1"
321,"CA4"
322,"CA1"
323,"IL1B"
324,"SPP1"
325,"CXCL8"
326,"FCN1"
327,"CXCL12"
328,"SELE"
329,"SLC26A3"
330,"IGHG3"
331,"A2M"
332,"SERPINE1"
333,"GNG11"
334,"C3"
335,"PLN"
336,"COL4A1"
337,"CCDC80"
338,"DUOXA2"
339,"CRIP2"
340,"ENG"
341,"LYPD8"
342,"HLA-DQB1"
343,"CD79A"
344,"MS4A1"
345,"MADCAM1"
346,"EFEMP1"
347,"CAVIN1"
348,"IGFBP6"
349,"ECSCR"
350,"HSPA1A"
351,"ACKR3"
352,"MFGE8"
353,"COL12A1"
354,"CD34"
355,"CNN1"
356,"DMBT1"
357,"TNFRSF17"
358,"JAM2"
359,"CD7"
360,"FXYD3"
361,"THBS2"
362,"EMCN"
363,"CDH5"
364,"TRBC2"
365,"ISLR"
366,"CEACAM5"
367,"TRAC"
368,"PRSS23"
369,"SLIT3"
370,"SERPING1"
371,"PLAUR"
372,"MMRN2"
373,"PLAC9"
374,"KPNA2"
375,"SDC2"
376,"KCTD12"
377,"PLPP3"
378,"CH25H"
379,"ATOH1"
380,"HEPACAM2"
381,"SYNPO2"
382,"NFKBIA"
383,"ESAM"
384,"CTLA4"
385,"MDK"
386,"GPX2"
387,"CD68"
388,"TIMP2"
389,"HPGD"
390,"CD55"
391,"SGK1"
392,"LDB2"
393,"SDCBP2"
394,"PHLDA1"
395,"CAV2"
396,"PDLIM3"
397,"CD177"
398,"MT1E"
399,"SELP"
400,"DDIT4"
401,"ITGA5"
402,"CDKN1C"
403,"LGALS4"
404,"AC020916.1"
405,"LMO2"
406,"GJA1"
407,"CYYR1"
408,"ANGPTL2"
409,"CFP"
410,"UBE2S"
411,"CD1C"
412,"TNFAIP3"
413,"CD8B"
414,"PRF1"
415,"CXorf36"
416,"ZEB2"
417,"TK1"
418,"MXRA8"
419,"DUSP5"
420,"WARS"
421,"ITIH5"
422,"LGALS2"
423,"BTG2"
424,"RASIP1"
425,"TIE1"
426,"GCNT3"
427,"HBEGF"
428,"CDCA3"
429,"MYC"
430,"NEK2"
431,"CA7"
432,"GUCA2B"
433,"VIM"
434,"ZG16"
435,"LRMP"
436,"TFF1"
437,"PTGS2"
438,"CRYAB"
439,"WFDC2"
440,"CD248"
441,"SNCG"
442,"TFPI"
443,"PCDH17"
444,"CTHRC1"
445,"BCL2A1"
446,"ANXA1"
447,"FAM167B"
448,"STOM"
449,"IGSF6"
450,"KLRC2"
451,"ITM2A"
452,"S100B"
453,"CRISPLD2"
454,"VPREB3"
455,"PTN"
456,"CA2"
457,"FCGR2A"
458,"ANGPT2"
459,"TSPAN1"
460,"ID1"
461,"ARHGAP29"
462,"ASCL2"
463,"ID4"
464,"ADGRF5"
465,"ZNF331"
466,"NOS2"
467,"WWTR1"
468,"RCAN1"
469,"TYMP"
470,"LAPTM5"
471,"IL1R1"
472,"IL3RA"
473,"S1PR1"
474,"FYB1"
475,"TNFRSF18"
476,"PLPP1"
477,"LCP1"
478,"ETHE1"
479,"MYCT1"
480,"TUBB6"
481,"BIRC3"
482,"STAB1"
483,"CDKN1A"
484,"TSPAN8"
485,"PCNA"
486,"CD27"
487,"CTSH"
488,"PLK1"
489,"NEXN"
490,"TMEM176B"
491,"RAMP1"
492,"VEGFC"
493,"EHD2"
494,"ERG"
495,"RHOJ"
496,"AQP8"
497,"BEST4"
498,"DERL3"
499,"PCOLCE"
500,"ITLN1"
501,"TNFRSF4"
502,"F3"
503,"STC1"
504,"COL4A2"
505,"RRAD"
506,"IL6"
507,"SPIB"
508,"TCF4"
509,"CD3D"
510,"VSIG4"
511,"DUSP1"
512,"ADAMTS5"
513,"CD2"
514,"CORO1A"
515,"SLC11A1"
516,"PLEK"
517,"BMX"
518,"TSPAN7"
519,"EMP3"
520,"GPRC5A"
521,"FBLN5"
522,"IL33"
523,"TCF21"
524,"PIF1"
525,"PLTP"
526,"FPR3"
527,"CTSW"
528,"KRT8"
529,"FAM110D"
530,"TMEM54"
531,"PGF"
532,"H2AFZ"
533,"CD3G"
534,"GUCY1A1"
535,"MALL"
536,"CD160"
537,"GRASP"
538,"NRP2"
539,"NRP1"
540,"LGALS3"
541,"TUBA1B"
542,"IFI44L"
543,"DLC1"
544,"MRVI1"
545,"NES"
546,"CSTA"
547,"ROBO4"
548,"FAM198B"
549,"LY6E"
550,"PDLIM4"
551,"DEPDC1"
552,"PRSS3"
553,"FABP2"
554,"MSRB3"
555,"HLA-DMB"
556,"LILRB2"
557,"ITGAX"
558,"PDK4"
559,"MAD2L1"
560,"AKR1C3"
561,"AC023157.3"
562,"TEK"
563,"SELL"
564,"RBPMS"
565,"IGHG4"
566,"CXCL9"
567,"CTSK"
568,"PCSK1N"
569,"CXCL10"
570,"ADH1B"
571,"LIFR"
572,"AQP1"
573,"MS4A12"
574,"XBP1"
575,"FLNA"
576,"THBS1"
577,"FHL1"
578,"FTL"
579,"SLC9A3"
580,"CD74"
581,"SEMA3G"
582,"SPRY1"
583,"EMILIN1"
584,"RBP7"
585,"CYP1B1"
586,"KLK1"
587,"MRC1"
588,"MS4A4A"
589,"CYBB"
590,"TGFBI"
591,"IFITM3"
592,"SSR4"
593,"NUAK1"
594,"IGHD"
595,"SLCO2A1"
596,"FTH1"
597,"CD79B"
598,"GBP1"
599,"SLC12A2"
600,"CST3"
601,"NCF2"
602,"TGFBR2"
603,"EFHD1"
604,"DHRS9"
605,"NPDC1"
606,"CD247"
607,"TRGC1"
608,"AXL"
609,"FGFBP2"
610,"ISG20"
611,"THSD7A"
612,"CD59"
613,"EDNRA"
614,"PTPRB"
615,"HES6"
616,"DNAJB1"
617,"JAML"
618,"FCRL5"
619,"CD22"
620,"PROX1"
621,"TNFRSF9"
622,"EGR3"
623,"BST2"
624,"TNFSF13B"
625,"PTGS1"
626,"CLEC12A"
627,"ZNF385D"
628,"NCOA7"
629,"TGFB1I1"
630,"ZFP36"
631,"PKIB"
632,"CD3E"
633,"LHFPL6"
634,"SEC11C"
635,"HCST"
636,"CD86"
637,"CENPA"
638,"MEOX1"
639,"CCDC88A"
640,"RNASE6"
641,"CENPW"
642,"CLIC4"
643,"PBK"
644,"KIF20B"
645,"RERGL"
646,"REG1A"
647,"CXCL13"
648,"ADAMDEC1"
649,"TCL1A"
650,"EREG"
651,"HPGDS"
652,"SH2D6"
653,"GREM1"
654,"S100A12"
655,"RGS13"
656,"APOD"
657,"SLC26A2"
658,"COL8A1"
659,"GJA5"
660,"FPR1"
661,"FCER1A"
662,"PRCP"
663,"LBH"
664,"HERPUD1"
665,"CD163"
666,"CYTL1"
667,"CD300E"
668,"NOTCH4"
669,"CYGB"
670,"PLA2G7"
671,"TUBB"
672,"SERPINH1"
673,"EPAS1"
674,"CX3CL1"
675,"FOXS1"
676,"LTC4S"
677,"COTL1"
678,"HLA-DMA"
679,"IFI30"
680,"CD53"
681,"PHACTR1"
682,"PDZK1IP1"
683,"MT1F"
684,"CD37"
685,"TMIGD1"
686,"SOX7"
687,"SPI1"
688,"FILIP1"
689,"KCNE4"
690,"LAMC1"
691,"PRDX4"
692,"CLDN3"
693,"CLIC3"
694,"GBP4"
695,"C10orf99"
696,"HELLS"
697,"S100A16"
698,"MYADM"
699,"MARCH1"
700,"KCNMA1"
701,"KIAA1324"
702,"ZWINT"
703,"ORC6"
704,"NUF2"
705,"OTOP2"
706,"APOC1"
707,"IGLL5"
708,"PLAU"
709,"VWA1"
710,"ASPN"
711,"TRPM5"
712,"F2RL3"
713,"FOSB"
714,"ACP5"
715,"TMEM100"
716,"IGF1"
717,"GAS1"
718,"TSC22D3"
719,"MSLN"
720,"SLC51B"
721,"WFDC1"
722,"NPC2"
723,"POU2AF1"
724,"FOS"
725,"KLK10"
726,"MRC2"
727,"FSCN1"
728,"GPX3"
729,"CDKN2B-AS1"
730,"RSPO3"
731,"GIMAP4"
732,"BATF"
733,"REP15"
734,"GIMAP7"
735,"COX4I2"
736,"CD320"
737,"PTP4A3"
738,"C5AR1"
739,"RBP5"
740,"PIGR"
741,"PLA1A"
742,"CITED2"
743,"NR2F2"
744,"CDCA7"
745,"SMIM25"
746,"RGMB"
747,"ANTXR1"
748,"POU2F2"
749,"CDH6"
750,"DPYSL3"
751,"ASS1"
752,"UCP2"
753,"KNL1"
754,"CKS1B"
755,"GEM"
756,"RBP1"
757,"MUC5B"
758,"CNN3"
759,"CADM3-AS1"
760,"MAF"
761,"ALDH1A1"
762,"TMEM176A"
763,"LRRC25"
764,"LRRC32"
765,"SFRP2"
766,"CCL19"
767,"CXCL11"
768,"TNFAIP6"
769,"SCG5"
770,"ABCA8"
771,"DES"
772,"MIR155HG"
773,"FAM30A"
774,"CXCR4"
775,"ALDOB"
776,"IL17A"
777,"IL4I1"
778,"NTRK2"
779,"CALHM6"
780,"MAP3K7CL"
781,"RCAN2"
782,"CDH13"
783,"CD1E"
784,"NRN1"
785,"ST6GALNAC1"
786,"OLFML3"
787,"VAMP5"
788,"PIM2"
789,"MXRA5"
790,"ELN"
791,"HHEX"
792,"BANK1"
793,"CDA"
794,"CHI3L2"
795,"LAG3"
796,"IL32"
797,"COX7A1"
798,"TMEM88"
799,"TSPAN4"
800,"EDNRB"
801,"FJX1"
802,"TMEM238"
803,"CXCR6"
804,"MEDAG"
805,"TSHZ2"
806,"HSD17B2"
807,"TMIGD2"
808,"KIF14"
809,"TBX2-AS1"
810,"VASN"
811,"ITM2C"
812,"CEP55"
813,"MEP1A"
814,"LHX6"
815,"PCAT19"
816,"MEIS1"
817,"RNF186"
818,"PLK2"
819,"BRCA1"
820,"MCM4"
821,"MMP12"
822,"SFRP1"
823,"CSF3"
824,"SPON2"
825,"MMP9"
826,"CACNA1A"
827,"CCL8"
828,"C7"
829,"IDO1"
830,"S100P"
831,"IL1RN"
832,"HTRA3"
833,"INSM1"
834,"AZGP1"
835,"PRRX1"
836,"MUC13"
837,"POU2F3"
838,"FCGR2B"
839,"KRT18"
840,"LMOD1"
841,"TNXB"
842,"LOX"
843,"CD81"
844,"FGFBP1"
845,"ICOS"
846,"HIST1H1C"
847,"PRDM1"
848,"RARRES1"
849,"GATA2"
850,"FCGR1A"
851,"IFIT1"
852,"TLL1"
853,"TSPAN2"
854,"AKR1B10"
855,"CEBPB"
856,"EGR2"
857,"LGR5"
858,"GADD45G"
859,"MRGPRF"
860,"LCK"
861,"ERRFI1"
862,"MGST1"
863,"NR2F1"
864,"PMAIP1"
865,"ADCY4"
866,"FERMT2"
867,"LTBP1"
868,"ARHGAP11A"
869,"SPNS2"
870,"NCAPG"
871,"CCND1"
872,"SPOCK2"
873,"BCAT1"
874,"CFI"
875,"PTGDR"
876,"RAB31"
877,"PLXND1"
878,"IGHG2"
879,"MFAP5"
880,"IGKV3-20"
881,"DPT"
882,"LYVE1"
883,"AC020656.1"
884,"CXCL5"
885,"HSPG2"
886,"SDS"
887,"CCL14"
888,"CSRP1"
889,"MYBL2"
890,"PRELP"
891,"PDGFB"
892,"PCK1"
893,"FXYD1"
894,"SOD2"
895,"SLC40A1"
896,"CLEC4E"
897,"LINC01235"
898,"CLDN4"
899,"MAP3K20"
900,"EFEMP2"
901,"LRRC26"
902,"MME"
903,"SAMSN1"
904,"ECM1"
905,"HMGA1"
906,"ANXA13"
907,"CLEC2B"
908,"C11orf86"
909,"PREX2"
910,"COL27A1"
911,"ENTPD1"
912,"RDX"
913,"TMEM255B"
914,"FAM43A"
915,"KIR2DL4"
916,"GPC6"
917,"SMIM5"
918,"SH3BP5"
919,"PSAP"
920,"LY86"
921,"ZNF521"
922,"TACC3"
923,"KIF23"
924,"PPP1R14D"
925,"LINC01559"
926,"TMEM141"
927,"PLS3"
928,"TMEM47"
929,"RUNX3"
930,"KANK3"
931,"HJURP"
932,"GINS2"
933,"EFNA1"
934,"DPYSL2"
935,"FGD5"
936,"CCL21"
937,"IGLV2-14"
938,"CTSL"
939,"TPH1"
940,"ADGRG6"
941,"CTSD"
942,"OSM"
943,"JSRP1"
944,"PRAP1"
945,"LOXL1"
946,"APOLD1"
947,"HEY1"
948,"SPINK5"
949,"S100A6"
950,"SCARA5"
951,"CYTOR"
952,"IFIT3"
953,"RAI14"
954,"TNFRSF12A"
955,"LSP1"
956,"IRF8"
957,"CDH11"
958,"HSPB1"
959,"HSPA1B"
960,"CENPM"
961,"SERPINI1"
962,"LINC01871"
963,"MSN"
964,"ODC1"
965,"CCR7"
966,"PRDX5"
967,"SHANK3"
968,"PTMS"
969,"MISP"
970,"TUBB2B"
971,"OLFM1"
972,"MYBL1"
973,"KRT81"
974,"TNS1"
975,"NEURL1"
976,"LINC01133"
977,"EBF1"
978,"CTNNAL1"
979,"MCTP1"
980,"CD40LG"
981,"SPC25"
982,"ITGA7"
983,"SLC7A7"
984,"CCDC85B"
985,"PTPRM"
986,"NFASC"
987,"LIMS2"
988,"GPR171"
989,"HES1"
990,"CCL11"
991,"INHBA"
992,"PI16"
993,"KDR"
994,"FKBP11"
995,"TMEM158"
996,"IRF4"
997,"FKBP1A"
998,"FAM107A"
999,"PAPPA"
1000,"NRG1"
1001,"CD38"
1002,"FOXC1"
1003,"HIST1H1B"
1004,"BCAM"
1005,"RAC2"
1006,"P2RY13"
1007,"SLC7A2"
1008,"CES1"
1009,"SEPT4"
1010,"HMGN2"
1011,"KRT86"
1012,"LIMCH1"
1013,"LILRB4"
1014,"TMTC1"
1015,"GUCY1B1"
1016,"FENDRR"
1017,"CLMP"
1018,"ARL4C"
1019,"DUT"
1020,"SLAMF7"
1021,"CCL15"
1022,"CDHR2"
1023,"ELK3"
1024,"MUC1"
1025,"NOS3"
1026,"GIMAP1"
1027,"ANXA5"
1028,"MYOCD"
1029,"CCR1"
1030,"FOXF1"
1031,"TSC22D1"
1032,"ARHGEF15"
1033,"TUBA1C"
1034,"RASGRP3"
1035,"BIK"
1036,"CDCA8"
1037,"PDLIM7"
1038,"FCRL2"
1039,"FGFR1"
1040,"PYY"
1041,"SCGN"
1042,"IGHV3-7"
1043,"HLA-DQA2"
1044,"TFPI2"
1045,"IL2RA"
1046,"PDPN"
1047,"ABI3BP"
1048,"C2orf40"
1049,"MSR1"
1050,"RND1"
1051,"LAMA3"
1052,"PCSK1"
1053,"EBI3"
1054,"OLFML2B"
1055,"NR4A3"
1056,"PSTPIP2"
1057,"CD52"
1058,"SH2D7"
1059,"OR51E1"
1060,"RFLNB"
1061,"CSPG4"
1062,"NID1"
1063,"SLC38A11"
1064,"NRGN"
1065,"CCL13"
1066,"SNAI2"
1067,"DSTN"
1068,"ALDH1A3"
1069,"UBD"
1070,"GNAI2"
1071,"MFAP2"
1072,"SLC6A8"
1073,"KLRF1"
1074,"LILRA5"
1075,"ADAP2"
1076,"SLC15A1"
1077,"GGT5"
1078,"LILRB5"
1079,"NPW"
1080,"AQP3"
1081,"HIGD1B"
1082,"FST"
1083,"FCER2"
1084,"H2AFX"
1085,"AGR3"
1086,"PLD4"
1087,"FOXP3"
1088,"KCNMB1"
1089,"ADGRL2"
1090,"EPHB3"
1091,"IFITM2"
1092,"CREB5"
1093,"PPP1R1B"
1094,"ANLN"
1095,"AOC1"
1096,"DOC2B"
1097,"PALLD"
1098,"ADA2"
1099,"RUNX1T1"
1100,"SWAP70"
1101,"TXN"
1102,"CD72"
1103,"SOX9"
1104,"GALNT15"
1105,"UBE2T"
1106,"BUB1"
1107,"SECTM1"
1108,"CD4"
1109,"KIF11"
1110,"ACTN1"
1111,"CHGA"
1112,"IGKV4-1"
1113,"IGLV6-57"
1114,"IGHV3-23"
1115,"IGLV3-1"
1116,"CTSB"
1117,"ACAN"
1118,"PTGIS"
1119,"TDO2"
1120,"PTPRC"
1121,"CLDN23"
1122,"LY6H"
1123,"LCN6"
1124,"EGLN3"
1125,"ADAMTS2"
1126,"STEAP4"
1127,"CADPS"
1128,"AQP9"
1129,"AL365226.2"
1130,"ALPL"
1131,"LINC01943"
1132,"PMEPA1"
1133,"FCRLA"
1134,"NTN4"
1135,"CLEC4A"
1136,"CSF2RA"
1137,"MEOX2"
1138,"TST"
1139,"TNFRSF13C"
1140,"NCF1"
1141,"MATN2"
1142,"INSIG1"
1143,"LINGO1"
1144,"INHBB"
1145,"NTM"
1146,"COL17A1"
1147,"SGO2"
1148,"LAIR2"
1149,"KANK2"
1150,"FAM111B"
1151,"KIF2C"
1152,"DHFR"
1153,"CD9"
1154,"UHRF1"
1155,"FXYD6"
1156,"TENT5A"
1157,"CLIC2"
1158,"DLL1"
1159,"RORA"
1160,"DUSP6"
1161,"OGN"
1162,"WISP2"
1163,"OLR1"
1164,"SRPX"
1165,"HECW2"
1166,"CCL22"
1167,"RETN"
1168,"CD48"
1169,"TNFRSF11B"
1170,"ITGA8"
1171,"LEPR"
1172,"P2RY6"
1173,"ARHGDIB"
1174,"SVEP1"
1175,"CP"
1176,"PTPRR"
1177,"NKX2-2"
1178,"HSPB6"
1179,"ALOX5"
1180,"SCG2"
1181,"FAP"
1182,"GUCY1A2"
1183,"NOV"
1184,"ANGPTL4"
1185,"C4BPA"
1186,"F13A1"
1187,"CSF2RB"
1188,"DUSP4"
1189,"PCDH7"
1190,"LINC01781"
1191,"CAPG"
1192,"EAF2"
1193,"SERPINB5"
1194,"TENT5C"
1195,"IL6ST"
1196,"AOC3"
1197,"TTN"
1198,"LINC02362"
1199,"GLUL"
1200,"RGS10"
1201,"KCNA5"
1202,"CD96"
1203,"AP1S2"
1204,"GPIHBP1"
1205,"IL2RB"
1206,"SGCA"
1207,"DDR2"
1208,"C12orf75"
1209,"PHGDH"
1210,"BCL6B"
1211,"SHE"
1212,"BEX3"
1213,"TNFRSF1B"
1214,"RHOC"
1215,"KIF20A"
1216,"CNTNAP3B"
1217,"KIF4A"
1218,"SI"
1219,"LINC02397"
1220,"UPP1"
1221,"HHLA2"
1222,"S100A13"
1223,"JAG1"
1224,"CHI3L1"
1225,"MMP7"
1226,"CILP"
1227,"IGHV4-39"
1228,"SFRP4"
1229,"NEUROD1"
1230,"FEV"
1231,"APOBEC3A"
1232,"NLRP3"
1233,"LAMP3"
1234,"LAMC2"
1235,"CHGB"
1236,"CSF2"
1237,"SYNM"
1238,"AICDA"
1239,"FOLR2"
1240,"LGMN"
1241,"PLCG2"
1242,"TGFBR3"
1243,"SERPINA9"
1244,"CADM3"
1245,"CRABP2"
1246,"LINC01480"
1247,"MUC12"
1248,"PTX3"
1249,"IGHE"
1250,"TM4SF20"
1251,"PAMR1"
1252,"PITX1"
1253,"PLCB1"
1254,"LIMD2"
1255,"SLC20A1"
1256,"JUNB"
1257,"DPEP1"
1258,"PLOD2"
1259,"RARRES3"
1260,"SORBS2"
1261,"DACT3"
1262,"NEAT1"
1263,"TMPRSS2"
1264,"FNDC1"
1265,"KLK11"
1266,"FGR"
1267,"C3AR1"
1268,"CEBPD"
1269,"PILRA"
1270,"S100A11"
1271,"TNFSF10"
1272,"NKX2-3"
1273,"GADD45A"
1274,"GJC1"
1275,"APCDD1"
1276,"TNFSF9"
1277,"LINC01013"
1278,"ITGA1"
1279,"LINC00668"
1280,"C19orf33"
1281,"OLFML2A"
1282,"GCHFR"
1283,"AFAP1L1"
1284,"PDCD1"
1285,"ARL14"
1286,"RAB3C"
1287,"LDB3"
1288,"MATK"
1289,"KIF19"
1290,"ZNF683"
1291,"RASL12"
1292,"ABI3"
1293,"BHLHE40"
1294,"C2orf88"
1295,"RAB25"
1296,"TRPM6"
1297,"ADGRE2"
1298,"SERTAD1"
1299,"DAB2"
1300,"AL583785.1"
1301,"GIMAP6"
1302,"SPHK1"
1303,"ANXA3"
1304,"GMNN"
1305,"DOK2"
1306,"ADAM28"
1307,"GCG"
1308,"LOXL2"
1309,"PXDN"
1310,"IGKV2-30"
1311,"UCN3"
1312,"HAPLN1"
1313,"AGT"
1314,"AVIL"
1315,"MARCO"
1316,"TREM1"
1317,"ARC"
1318,"CRTAM"
1319,"IL1RL1"
1320,"RSAD2"
1321,"HSD11B1"
1322,"CERCAM"
1323,"S1PR3"
1324,"CD207"
1325,"C1orf54"
1326,"BMP4"
1327,"TPM1"
1328,"CD24"
1329,"CLEC3B"
1330,"CLEC11A"
1331,"ATP1B1"
1332,"SCG3"
1333,"NMU"
1334,"FAM3D"
1335,"CSF3R"
1336,"MMP19"
1337,"PLS1"
1338,"TMEM204"
1339,"GPA33"
1340,"F2R"
1341,"ICAM4"
1342,"HTR3E"
1343,"TP53INP1"
1344,"LILRB3"
1345,"PIK3R3"
1346,"FHL5"
1347,"FAM13C"
1348,"RBP4"
1349,"CRIP1"
1350,"SPINK2"
1351,"CASQ2"
1352,"NEGR1"
1353,"NQO1"
1354,"RTN1"
1355,"SAMHD1"
1356,"MCM7"
1357,"LY96"
1358,"HAVCR2"
1359,"MEG8"
1360,"JPT1"
1361,"CPLX1"
1362,"NTRK3"
1363,"CDX1"
1364,"FAM129A"
1365,"CD300LF"
1366,"GLIPR1"
1367,"TNS2"
1368,"SMC4"
1369,"RAD51AP1"
1370,"TESC"
1371,"IGKV1-5"
1372,"IGKV3-11"
1373,"MMP11"
1374,"EGFL6"
1375,"FCN3"
1376,"CRYBA2"
1377,"IGHV3-15"
1378,"CXCL6"
1379,"STAG3"
1380,"TWIST1"
1381,"IL10"
1382,"CTSC"
1383,"ANK2"
1384,"MUC17"
1385,"PMCH"
1386,"AKR1C1"
1387,"SCD"
1388,"ALKAL2"
1389,"HIST1H2BJ"
1390,"UCHL1"
1391,"PPP1R15A"
1392,"CDHR5"
1393,"SGIP1"
1394,"RAB3B"
1395,"SERPINB9"
1396,"MIR222HG"
1397,"HMGCS2"
1398,"HMCN2"
1399,"HAS2"
1400,"SSPN"
1401,"CDT1"
1402,"MIR4435-2HG"
1403,"PPIC"
1404,"PTHLH"
1405,"GPR34"
1406,"CYBRD1"
1407,"CADM1"
1408,"SLC17A4"
1409,"FHL2"
1410,"ADM5"
1411,"IL1R2"
1412,"MS4A8"
1413,"GBP5"
1414,"CD40"
1415,"KLF4"
1416,"B3GNT7"
1417,"EVI2B"
1418,"LINC01857"
1419,"MCM3"
1420,"BMPR2"
1421,"SLC7A11"
1422,"RAB26"
1423,"NAMPT"
1424,"MX1"
1425,"FSIP2"
1426,"ANGPTL1"
1427,"AURKA"
1428,"RIPOR2"
1429,"SOCS1"
1430,"HEY2"
1431,"KLF7"
1432,"C2"
1433,"NDN"
1434,"FLRT2"
1435,"GNB4"
1436,"HIST1H1D"
1437,"EPHB2"
1438,"RERG"
1439,"GK"
1440,"GGH"
1441,"TTK"
1442,"MMP1"
1443,"CCL18"
1444,"NTS"
1445,"IGKV3-15"
1446,"TREM2"
1447,"CCDC102B"
1448,"HBA2"
1449,"IGHV3-74"
1450,"VMO1"
1451,"LIPA"
1452,"PGM5-AS1"
1453,"PAPPA2"
1454,"MT1A"
1455,"RGS3"
1456,"PODN"
1457,"PCDH18"
1458,"HRASLS2"
1459,"ADAMTS6"
1460,"SELENBP1"
1461,"FOXC2"
1462,"KRT7"
1463,"ARX"
1464,"TRPA1"
1465,"EVL"
1466,"CRIM1"
1467,"SYNPO"
1468,"LMO7"
1469,"MIA"
1470,"GMFG"
1471,"EPCAM"
1472,"HSPA2"
1473,"MCEMP1"
1474,"ITGA11"
1475,"JCAD"
1476,"TMEM119"
1477,"SLC51A"
1478,"RBPMS2"
1479,"SCPEP1"
1480,"HSD11B2"
1481,"HSPA5"
1482,"SSTR2"
1483,"RBMS1"
1484,"VGLL3"
1485,"MYDGF"
1486,"TUBB4B"
1487,"PTGIR"
1488,"LCP2"
1489,"SRI"
1490,"FAM69B"
1491,"SAMD9"
1492,"NFKBID"
1493,"GSTP1"
1494,"CASC15"
1495,"S100A10"
1496,"MANF"
1497,"SLA"
1498,"RASSF6"
1499,"FCGRT"
1500,"PTPN7"
1501,"CD19"
1502,"KCNAB1"
1503,"SERINC2"
1504,"SLC8A1"
1505,"SEC14L1"
1506,"TIMM13"
1507,"EPHA2"
1508,"SNCA"
1509,"QKI"
1510,"PERP"
1511,"SMC2"
1512,"KIF15"
1513,"PTAFR"
1514,"ESM1"
1515,"TPSB2"
1516,"WNT5A"
1517,"APLN"
1518,"IGLV2-23"
1519,"OSR2"
1520,"IFIT2"
1521,"MYOM1"
1522,"NRXN1"
1523,"IGKV1-39"
1524,"HMOX1"
1525,"THBS4"
1526,"PLXDC1"
1527,"PROCR"
1528,"NDRG1"
1529,"FBP1"
1530,"CLDN2"
1531,"AVPR1A"
1532,"CLDN11"
1533,"ZBED2"
1534,"RASA4"
1535,"FOLH1"
1536,"HRCT1"
1537,"CAMK2N1"
1538,"FGF2"
1539,"FIBIN"
1540,"B3GNT6"
1541,"HIST1H2BH"
1542,"SLAMF8"
1543,"EDIL3"
1544,"PLCXD3"
1545,"FAM3B"
1546,"OTOP3"
1547,"EGFLAM"
1548,"DLL4"
1549,"AGPAT2"
1550,"HIGD1A"
1551,"MARCKSL1"
1552,"SMPDL3A"
1553,"ANXA2"
1554,"DNAJB9"
1555,"ASF1B"
1556,"PCDH12"
1557,"PCDH9"
1558,"ARL6IP1"
1559,"COX5A"
1560,"BMP7"
1561,"ECM2"
1562,"SULT1B1"
1563,"PDGFD"
1564,"ANKRD37"
1565,"CPXM1"
1566,"GNG4"
1567,"FZD4"
1568,"TUBB2A"
1569,"SNAI1"
1570,"AC004817.3"
1571,"IL17B"
1572,"GSTA1"
1573,"CD109"
1574,"GYPC"
1575,"LMNA"
1576,"ENTPD8"
1577,"HSPA12B"
1578,"KCNQ1OT1"
1579,"ECT2"
1580,"PNP"
1581,"EFNB2"
1582,"SDC4"
1583,"CYTIP"
1584,"LAMB3"
1585,"NDC80"
1586,"FBXO32"
1587,"CACNA2D3"
1588,"SDF2L1"
1589,"BRCA2"
1590,"SAPCD2"
1591,"MCM6"
1592,"BNC2"
1593,"PCOLCE2"
1594,"KRT17"
1595,"MS4A2"
1596,"IGHV5-51"
1597,"IGHV1-18"
1598,"PI15"
1599,"IGHV3-30"
1600,"IGHV3-48"
1601,"LTBP4"
1602,"COL7A1"
1603,"TTR"
1604,"IL17RB"
1605,"HBA1"
1606,"COL5A3"
1607,"SSUH2"
1608,"PAX6"
1609,"PAM"
1610,"CHN1"
1611,"MMP23B"
1612,"CTSS"
1613,"BCAS4"
1614,"GFPT2"
1615,"ADAMTS8"
1616,"HSD3B2"
1617,"CD200"
1618,"BATF3"
1619,"SMIM22"
1620,"AL359220.1"
1621,"CITED4"
1622,"LAIR1"
1623,"ABCC9"
1624,"C5AR2"
1625,"P2RY14"
1626,"TBX1"
1627,"RGS4"
1628,"KYNU"
1629,"ABCG2"
1630,"AKR1B1"
1631,"TROAP"
1632,"HEYL"
1633,"FOXF2"
1634,"FEN1"
1635,"BICC1"
1636,"GPX8"
1637,"SLC28A2"
1638,"HIST1H2BN"
1639,"SLFN5"
1640,"HK2"
1641,"IER2"
1642,"CLDN7"
1643,"DUSP23"
1644,"IFITM1"
1645,"FOXQ1"
1646,"LDLR"
1647,"LAT2"
1648,"CAP2"
1649,"TCF15"
1650,"JAG2"
1651,"RRM1"
1652,"CHRDL1"
1653,"ALDH1B1"
1654,"PHLDA3"
1655,"MAFF"
1656,"CD84"
1657,"EVA1B"
1658,"SUCNR1"
1659,"CREM"
1660,"ETS2"
1661,"HDGFL3"
1662,"HSPB2"
1663,"SEMA4A"
1664,"IQGAP3"
1665,"REG1B"
1666,"IGLV1-40"
1667,"IGLV1-44"
1668,"IGLV1-51"
1669,"WTIP"
1670,"HAS1"
1671,"IGHV4-59"
1672,"ETV1"
1673,"SHISA3"
1674,"SUGCT"
1675,"COL13A1"
1676,"SAA1"
1677,"INSR"
1678,"SLC18A2"
1679,"ENTPD3"
1680,"IL22RA2"
1681,"PDGFRL"
1682,"ISL1"
1683,"ENHO"
1684,"TPSG1"
1685,"PRPH"
1686,"HHIP"
1687,"SLC30A10"
1688,"PDGFA"
1689,"CCR10"
1690,"GAS7"
1691,"ADAM12"
1692,"SLC6A14"
1693,"PRAC1"
1694,"WNT2"
1695,"HES5"
1696,"AOX1"
1697,"MEF2C"
1698,"TMEM233"
1699,"PLIN2"
1700,"ZNF80"
1701,"ISYNA1"
1702,"MTHFD2"
1703,"HSP90B1"
1704,"HAND2-AS1"
1705,"CSDC2"
1706,"PLD3"
1707,"MKL2"
1708,"ITM2B"
1709,"LTBP2"
1710,"ADGRF1"
1711,"ATP1A2"
1712,"QSOX1"
1713,"HSPH1"
1714,"CX3CR1"
1715,"LAMA5"
1716,"OASL"
1717,"YPEL2"
1718,"LZTS1"
1719,"RIMBP2"
1720,"ARHGAP23"
1721,"LSAMP"
1722,"PLEKHO1"
1723,"CXCL16"
1724,"CDC42EP3"
1725,"PTPRE"
1726,"MRPL12"
1727,"PIM1"
1728,"FAM162B"
1729,"CPXM2"
1730,"ZEB1"
1731,"BUB1B"
1732,"MCM5"
1733,"PRDX2"
1734,"FAIM2"
1735,"PEG10"
1736,"PTPRO"
1737,"MAL"
1738,"RRAS"
1739,"CLIC5"
1740,"ZG16B"
1741,"LAMB2"
1742,"GPR146"
1743,"CD300A"
1744,"SH2D1A"
1745,"NEURL1B"
1746,"F8"
1747,"TRG-AS1"
1748,"URAD"
1749,"TRIM15"
1750,"CREB3L1"
1751,"RBMS3"
1752,"MMP3"
1753,"C1QTNF3"
1754,"IGLV2-11"
1755,"DIO2"
1756,"DNAAF1"
1757,"SLC6A6"
1758,"IGHV1-3"
1759,"BMP2"
1760,"RPS5"
1761,"LPL"
1762,"BACH2"
1763,"CCNYL1"
1764,"HILPDA"
1765,"STMN2"
1766,"HMGCS1"
1767,"LRRN4CL"
1768,"DYSF"
1769,"RCN3"
1770,"OMD"
1771,"ADAMTS18"
1772,"ABCC8"
1773,"IL1A"
1774,"FFAR4"
1775,"RPL22L1"
1776,"RPS6"
1777,"SLC29A4"
1778,"RNASE2"
1779,"DEFB1"
1780,"LRRC17"
1781,"POU3F1"
1782,"RASSF4"
1783,"FCRL4"
1784,"P2RX5"
1785,"DISP2"
1786,"VSIG2"
1787,"RFTN1"
1788,"HOXD8"
1789,"DMKN"
1790,"SCIN"
1791,"RANBP1"
1792,"COPZ2"
1793,"TWIST2"
1794,"CNKSR3"
1795,"HSPA8"
1796,"SPDEF"
1797,"NFIB"
1798,"XDH"
1799,"LXN"
1800,"CYP26B1"
1801,"PRR16"
1802,"MYO15B"
1803,"NPTX2"
1804,"LYPD1"
1805,"GPM6A"
1806,"SPAG4"
1807,"COLEC12"
1808,"AC012236.1"
1809,"KLRG1"
1810,"ADRA2A"
1811,"B4GALNT4"
1812,"TACSTD2"
1813,"LDHB"
1814,"FAM241A"
1815,"DTYMK"
1816,"LINC02446"
1817,"ANKRD29"
1818,"MXD3"
1819,"RAN"
1820,"KIT"
1821,"RND3"
1822,"EML6"
1823,"CMBL"
1824,"COL16A1"
1825,"HAPLN3"
1826,"NCAM1"
1827,"ATP5MC3"
1828,"HSP90AA1"
1829,"KCNN3"
1830,"SUSD5"
1831,"SEMA3D"
1832,"SLC18A1"
1833,"KRTCAP3"
1834,"PDE2A"
1835,"REG3A"
1836,"TPSAB1"
1837,"CPA3"
1838,"F10"
1839,"MMP10"
1840,"HBB"
1841,"C16orf89"
1842,"CLEC5A"
1843,"SOX8"
1844,"RPS2"
1845,"VEGFD"
1846,"NID2"
1847,"PARD6G-AS1"
1848,"SEMA3C"
1849,"GPR84"
1850,"DEFA6"
1851,"LCN15"
1852,"EMID1"
1853,"RPS3"
1854,"CEMIP"
1855,"IGFL2"
1856,"RPL10"
1857,"FAM92B"
1858,"GAL"
1859,"KLK12"
1860,"ETS1"
1861,"ADAMTS16"
1862,"SEMA3E"
1863,"HGF"
1864,"CHAC1"
1865,"PGAM2"
1866,"GNG13"
1867,"BCL6"
1868,"IL13RA2"
1869,"DCLK1"
1870,"C6orf222"
1871,"GCSAM"
1872,"TNFSF11"
1873,"RPS18"
1874,"IFI16"
1875,"DTX1"
1876,"IGKV2D-30"
1877,"AC097532.2"
1878,"SAA2"
1879,"CD209"
1880,"RFX6"
1881,"S100A3"
1882,"JUN"
1883,"VNN2"
1884,"CR2"
1885,"IKZF3"
1886,"CCDC168"
1887,"GPR20"
1888,"SLITRK6"
1889,"PLEKHH2"
1890,"C1QBP"
1891,"FABP3"
1892,"TNFRSF13B"
1893,"CD99"
1894,"HCLS1"
1895,"NME1"
1896,"TP53INP2"
1897,"MX2"
1898,"TINAGL1"
1899,"REM1"
1900,"ABCB1"
1901,"HSPB7"
1902,"RTKN2"
1903,"SNX10"
1904,"INSC"
1905,"FAM155A"
1906,"APOBEC3G"
1907,"WISP1"
1908,"MSX1"
1909,"SLC25A5"
1910,"CES2"
1911,"C2orf54"
1912,"RHOH"
1913,"MIAT"
1914,"RIPOR3"
1915,"SPOCK1"
1916,"DSC2"
1917,"CD33"
1918,"HLA-DOB"
1919,"AC008397.1"
1920,"ITGAM"
1921,"CDCA2"
1922,"GAPDH"
1923,"FOSL1"
1924,"PLBD1"
1925,"CLEC2D"
1926,"BOC"
1927,"CLTB"
1928,"ARHGAP11B"
1929,"HMGB3"
1930,"PCBD1"
1931,"B3GALT5"
1932,"IGLV2-8"
1933,"IGHV3-21"
1934,"COL11A1"
1935,"MUC5AC"
1936,"HDC"
1937,"IGLV3-21"
1938,"IGKV1-9"
1939,"IGHV1-24"
1940,"IGHV3-11"
1941,"IGHV2-5"
1942,"GPC3"
1943,"IGHV1-46"
1944,"FMO3"
1945,"RPSA"
1946,"IGHV4-4"
1947,"KCNJ8"
1948,"PAX5"
1949,"FXYD5"
1950,"TNIP3"
1951,"RPLP0"
1952,"SLC1A3"
1953,"RPS3A"
1954,"RPL10A"
1955,"IGHV3-43"
1956,"RPL3"
1957,"RELN"
1958,"BEX1"
1959,"KCNK12"
1960,"RPL7A"
1961,"ADAMTSL4"
1962,"AL133325.3"
1963,"RPS14"
1964,"HIST2H2BF"
1965,"CMYA5"
1966,"FEZ1"
1967,"CHST1"
1968,"MPZL2"
1969,"AP000692.2"
1970,"CA9"
1971,"PSAT1"
1972,"PXDC1"
1973,"MIR503HG"
1974,"HSPD1"
1975,"NLRP7"
1976,"APOL1"
1977,"SAMD11"
1978,"LINC01436"
1979,"TSPAN11"
1980,"IMPDH2"
1981,"ANP32E"
1982,"TNFSF14"
1983,"RAB34"
1984,"MYH14"
1985,"AIF1L"
1986,"PKIG"
1987,"NRIP2"
1988,"LINC01082"
1989,"ITIH3"
1990,"CLDN10"
1991,"SBSPON"
1992,"LAMP5"
1993,"MAL2"
1994,"HRH2"
1995,"SIT1"
1996,"MOXD1"
1997,"LILRB1"
1998,"NUGGC"
1999,"CALU"
2000,"LAMA2"
